CHM-LSTM-EMD-Freq,LSTM-EMD,CHM-LSTM-DWT,CHM-ESN-DWT,CHM-LSTM-EMD,CHM-ESN-EMD,CHM-ESN-EMD-Freq,LSTM-DWT,ESN-EMD-Freq,LSTM-EMD-Freq

16.272923,17.722803,17.774591,17.691727,17.82118,17.759407,15.289721,17.401546,16.344938,17.407661

15.654692,17.51709,17.684,17.714289,17.95899,17.831282,13.556369,17.29315,17.03725,17.550262

14.717975,17.816002,17.623997,17.532047,17.92777,17.882685,14.285913,17.756456,17.417395,17.582737

14.379681,17.46898,17.69446,17.545258,17.87953,17.821276,13.188025,17.645998,17.095133,17.58593

14.838225,18.074793,17.282442,17.318691,17.632547,17.792677,14.825572,18.067852,17.502792,17.788704

14.085708,18.191551,17.193306,17.309996,17.199318,17.569134,15.615211,17.807365,17.44742,17.67313

15.442843,17.984678,17.011972,17.200268,17.082111,17.338963,15.121913,17.448414,16.927563,17.63601

12.771624,18.072552,17.1582,17.312567,17.125948,17.331554,15.643219,16.926746,16.760216,17.596645

14.792993,18.296713,17.328596,17.516855,17.291887,17.4828,15.693996,17.546711,16.42238,17.464966

14.582803,18.08946,17.166115,17.377995,17.457182,17.678167,13.011637,17.888777,17.026516,17.537148

16.245058,18.313536,17.181519,17.300713,17.473587,17.809778,14.099574,17.971207,17.128073,17.485598

15.247737,18.191359,17.17524,17.26024,17.44533,17.840376,11.458846,17.784527,16.948345,17.523039

13.778722,18.170927,17.194084,17.144958,17.490715,17.820604,13.676741,17.435795,17.018818,17.47506

13.259334,18.246166,17.27156,17.141724,17.53129,17.884577,13.697627,18.278917,17.197222,17.519424

15.462365,18.268705,17.273916,17.145739,17.561811,17.932976,16.020811,18.035448,16.940298,17.584152

15.072895,18.106369,17.285242,16.991726,17.563847,18.076273,14.265907,18.145323,17.06691,17.643965

14.384878,18.262112,17.337122,17.079662,17.431683,18.157516,12.265265,18.186165,16.68557,17.67962

14.052704,17.749357,17.113623,16.98853,17.416252,18.039534,13.324664,18.235271,16.69281,17.67312

14.673268,17.971563,17.090452,16.92411,17.458635,18.059078,15.629927,18.32931,16.147709,17.620628

14.078297,17.856087,17.278807,17.17187,17.670908,18.152777,13.274675,18.36511,16.151516,17.70848

15.357337,17.862352,17.39786,17.35032,17.84663,18.250883,14.07648,18.220613,16.76453,17.837513

13.7633295,17.979565,17.492441,17.469685,17.897642,18.407146,11.509415,18.251276,16.84965,17.953506

14.22385,18.013885,17.789263,17.726698,17.979677,18.503971,14.581121,18.227066,16.970057,18.006577

13.264963,18.165752,17.683743,17.703066,17.966375,18.646862,13.062061,19.180016,17.274178,18.111027

14.724637,18.51475,17.627602,17.594856,17.86959,18.642782,14.012871,19.362038,17.09292,18.121424

14.740629,18.285181,17.621387,17.628157,17.818117,18.612318,19.881943,19.079113,16.750578,18.086897

13.857314,18.29506,17.455002,17.556631,17.753735,18.590565,19.974438,18.939032,16.709324,18.157198

14.925279,18.177408,17.556736,17.65741,17.759441,18.491789,16.984753,18.91711,16.409296,18.11445

16.45576,17.999687,17.615673,17.72776,17.792868,18.419512,14.299064,18.764738,16.209267,18.100088

15.165645,17.99312,17.50716,17.67147,17.77182,18.401478,14.650957,18.694157,16.42745,18.208412

14.316199,18.217373,17.533491,17.635023,17.742842,18.40265,14.015283,18.952942,16.521729,18.224466

14.9892645,17.760729,17.434315,17.67181,18.06364,18.334099,11.919949,18.70421,16.233637,17.942822

13.513972,17.889875,17.173687,17.472712,17.979626,18.14527,15.750388,18.151258,15.493977,17.869143

13.104029,17.558397,17.39152,17.717417,17.971378,18.040598,14.196191,18.25786,16.353783,17.773642

14.359586,17.650301,17.914513,18.170792,18.321783,18.154598,15.646081,17.975756,16.886639,17.993557

14.835459,18.101107,18.092375,18.307493,18.529753,18.405563,13.16625,18.248665,16.561367,18.42835

13.846833,18.61521,18.31352,18.423365,18.697683,18.591606,13.298423,19.16247,17.06819,18.693676

14.643559,18.59304,18.408558,18.739414,18.849691,18.79187,13.794375,19.723907,17.104044,18.805832

14.2026,18.811707,18.334286,18.70067,18.88993,18.91449,14.671898,19.334005,17.383644,18.87773

15.338449,18.57196,18.443556,18.75918,18.820232,19.024677,12.790718,19.278482,17.05018,19.052776

15.293444,18.84762,18.30888,18.649206,18.677671,19.026888,12.41345,19.198206,17.406063,19.220741

15.716962,18.689972,18.068441,18.47426,18.599277,18.933624,12.262001,18.747412,16.74687,19.16059

13.722985,18.025208,18.09701,18.330019,18.667305,18.880713,13.267669,18.330893,16.446556,18.981268

14.624808,18.127262,18.512447,18.72796,18.84274,18.959118,13.80879,18.842546,16.668882,19.017942

15.609548,18.31712,18.786232,18.865612,19.018635,19.039505,16.200134,18.967405,17.105114,19.211296

13.678122,18.557718,18.709923,18.770212,19.117811,19.128963,14.187335,19.06908,17.547201,19.347788

14.208505,18.963596,18.64162,18.734009,19.1396,19.192059,17.904581,19.232393,17.624155,19.375002

15.2239685,19.036276,18.796988,18.837048,19.23706,19.158287,13.821988,18.76386,17.301638,19.25965

14.895174,18.94476,18.507246,18.677073,19.271673,19.245598,16.305775,19.197163,17.570341,19.446054

17.294476,19.302027,18.907034,19.082996,19.398127,19.20423,14.591359,19.137974,17.4486,19.44037

15.283255,18.899921,19.189121,19.211998,19.656715,19.431017,15.659187,19.510622,17.607368,19.645885

14.553422,19.564592,19.126806,19.142582,19.843946,19.699465,16.92041,19.343176,17.798182,19.790728

14.402789,19.371126,19.088877,19.063055,19.915094,19.88792,16.885418,19.736769,17.802706,19.80115

14.019709,19.525438,19.23888,19.087687,19.885548,19.821148,18.28399,19.28602,17.643415,19.814526

15.912469,19.450682,19.276104,19.086218,19.821188,19.73407,15.922471,19.530458,17.861654,19.911573

15.966955,19.247372,19.262894,18.978748,19.758528,19.708885,14.514525,19.685768,17.856981,19.9675

15.404184,19.205835,19.033688,18.674,19.776276,19.692867,17.823772,19.439085,17.700579,19.927658

15.101738,19.230778,19.24769,18.811132,19.896534,19.829283,17.794628,19.005835,17.732218,19.7658

15.836903,19.300728,19.270962,18.876339,20.032278,19.886372,17.815376,18.860088,18.13263,19.873266

15.556171,19.778578,19.274181,18.884493,20.17948,19.921383,14.938791,19.262833,18.416706,19.880695

16.475422,20.115131,19.649742,19.222687,20.274918,20.045502,12.671953,19.236538,18.365816,19.853573

14.117121,20.21925,19.765257,19.377827,20.368652,20.23377,14.896929,19.083487,19.119799,20.015017

13.255675,20.133442,19.910265,19.56893,20.468344,20.366247,14.342721,19.53069,19.19333,20.044172

16.62362,19.890795,20.07676,19.807117,20.686409,20.465933,12.077741,19.56528,18.981142,19.999

15.896835,20.371265,20.225792,19.92374,20.706072,20.718822,11.787743,20.110031,19.317793,20.157873

16.082792,20.48601,20.24038,19.91029,20.682753,20.780197,13.997551,20.258188,19.060127,20.151377

16.315027,20.635637,20.063328,19.765112,20.70284,20.773422,10.017975,20.36226,19.514906,20.20049

16.632032,20.55634,20.505066,20.058983,20.797142,20.797737,12.747524,19.895924,19.24062,20.096563

14.537567,20.690382,20.701256,20.231167,20.948624,20.941345,13.921558,20.369165,19.473543,20.226753

17.803177,20.797752,20.68025,20.271883,21.099552,21.146194,12.319221,20.576302,19.504072,20.309324

15.660977,21.201056,20.470728,20.063032,21.07578,21.189089,13.168911,20.77003,19.46245,20.350357

15.659006,21.113827,20.367435,20.028374,21.031597,21.186094,13.442307,20.485243,19.291592,20.21733

15.065589,20.775934,20.21341,19.944426,20.973593,21.07548,16.167221,20.419699,19.352474,20.108025

15.628683,20.927914,20.237814,19.993437,20.94273,21.063215,15.099079,20.337503,19.310974,20.023634

15.833968,20.742748,20.334265,20.034441,21.010021,21.049349,18.226662,20.128548,18.919386,19.876535

15.741135,20.622593,20.297882,19.946592,20.858398,21.003387,17.038612,20.131039,19.249544,20.115522

15.487295,21.26009,20.2288,19.960796,20.815105,21.002432,15.713628,20.777437,19.838459,20.259396

15.321401,20.461615,20.350138,20.244152,20.820114,21.087591,18.421562,20.770666,18.975594,20.417967

15.418929,21.216896,20.327427,20.154266,21.000982,21.113152,15.135997,21.300377,18.751955,20.49386

15.129669,20.538132,20.710052,20.374958,21.35652,21.311623,16.160053,21.588118,19.656298,20.521101

14.446248,21.583384,21.055809,20.833122,21.524206,21.597038,13.422926,21.628588,19.67798,20.75106

15.440883,21.20217,21.144226,20.792265,21.473463,21.61153,14.557125,21.330212,20.502144,20.844507

15.276407,21.447466,20.885447,20.609943,21.224209,21.51927,16.657633,21.673576,20.17104,20.887615

16.566984,21.348883,20.8522,20.775497,21.119434,21.4333,15.273047,21.502506,19.99067,20.675646

16.257719,21.00612,20.943827,20.881664,21.173658,21.35794,13.411408,21.367863,19.48562,20.457676

17.01017,21.420212,20.932545,20.864887,21.25503,21.35818,16.575668,21.238623,19.93941,20.553625

16.210577,21.397495,21.018654,21.048138,21.39338,21.482283,15.536777,20.952705,20.262875,20.60795

14.706994,21.352474,20.994034,21.077784,21.51798,21.54973,13.402341,20.925291,20.208117,20.62159

17.111832,21.62083,20.870192,20.923996,21.531176,21.543037,18.836012,21.24899,20.6633,20.697248

17.83508,21.072325,20.816843,20.856268,21.416077,21.39498,18.78108,21.522182,20.527323,20.649603

15.266011,21.132027,20.798714,20.847824,21.333399,21.18731,13.406625,21.426388,20.288206,20.592503

16.726774,21.175154,20.810223,20.666273,21.305532,21.217028,16.73901,20.983965,20.2161,20.653475

16.003525,21.57979,20.854105,20.677265,21.332682,21.143955,13.537105,21.018164,20.18201,20.633842

16.778887,21.420486,20.611834,20.420935,21.356976,21.097038,13.86301,20.973276,20.150993,20.777493

15.773016,21.395956,20.629055,20.27102,21.529156,21.130728,13.334408,20.949148,19.828588,20.702824

16.053696,21.218813,20.959177,20.53632,21.632652,21.112387,13.955079,21.401493,19.584423,20.763817

15.931703,21.20687,21.2089,20.594099,21.644257,21.048267,16.060333,21.616947,19.94669,20.990732

15.190187,21.73071,21.302677,20.525074,21.517048,20.980995,15.441404,21.918228,20.124344,21.078104

14.908238,21.894358,20.999722,20.36042,21.343807,20.872316,15.061509,21.940565,20.072392,21.228962

15.882971,21.287298,20.453402,20.119593,20.97878,20.568546,16.853449,21.491468,19.78566,20.954563

16.177761,20.690628,19.680689,19.584515,20.716667,20.486366,16.522602,21.349998,19.392763,20.749794

15.264304,20.169252,19.909657,19.69334,20.639036,20.211483,14.162895,20.458693,18.90959,20.510601

15.934395,20.808695,20.404966,19.925741,20.728931,20.235321,15.414459,20.353668,18.61689,20.38478

14.015905,20.771261,20.2829,19.828703,20.657831,20.223589,11.356011,20.57648,19.502848,20.431711

17.170204,20.778095,19.977179,19.604364,20.562769,20.145521,11.971999,20.380632,19.651764,20.383175

13.971647,20.323542,20.286486,19.906248,20.619862,20.176788,16.90537,20.222403,19.72518,20.12119

14.519944,20.363228,19.726707,19.705318,20.490896,20.219883,16.06213,20.304691,19.834122,20.373556

16.318573,20.42055,19.931934,19.803347,20.391968,20.215431,16.304102,19.885664,19.619959,20.221508

15.460475,20.384466,20.095148,19.884844,20.448889,20.137335,16.084368,20.007406,19.404524,20.185171

18.917616,20.638893,19.901213,19.778059,20.394953,20.015783,10.053829,19.633997,19.722748,20.273994

14.399714,20.576515,19.860073,19.780373,20.408329,19.850542,13.0090065,20.08708,19.408846,20.130219

12.699596,20.47578,20.212349,19.988033,20.62454,19.831339,11.641348,19.831688,19.320173,20.056831

15.369964,20.750229,20.359978,20.225002,20.889837,20.102858,14.181585,19.98599,19.615038,20.39992

14.774447,21.23219,20.438587,20.294079,21.056906,20.285568,13.823994,20.385452,19.761753,20.648455

14.588813,21.167208,20.555246,20.269451,21.181871,20.455322,11.399878,20.617697,20.090864,20.794865

15.191147,21.80078,20.441284,20.070723,21.09479,20.386484,13.56793,20.777073,20.222149,21.022154

16.323696,21.523176,20.308128,19.775824,20.923399,20.175644,9.091255,20.906633,20.40081,21.064474

14.98003,20.89644,20.220934,19.492037,20.914177,19.989054,12.441141,20.808521,20.047527,20.97027

15.4575405,21.327051,20.059856,19.242556,20.9335,19.761206,19.509365,20.420383,19.745495,20.907969

14.781967,21.26303,20.239122,19.278194,21.059368,19.753498,15.991639,20.547327,19.48805,20.881802

15.831494,21.23249,20.118244,19.268698,20.93383,19.628996,15.408512,20.60241,19.729279,21.030634

15.469257,20.940418,19.657705,19.025248,20.777678,19.334564,16.606121,20.252424,19.298765,20.790304

15.666482,20.619806,19.436716,18.82974,20.518326,19.122953,13.817735,20.19253,18.678743,20.58873

15.417504,20.193739,19.689869,18.999714,20.525995,18.997988,15.006761,19.953745,18.715727,20.408014

16.686092,20.339067,19.582449,19.011131,20.611591,18.930103,13.59537,20.081161,19.325642,20.356844

16.254232,20.434141,19.30523,18.969732,20.406424,18.853453,16.22878,19.860966,19.378948,20.28222

16.106445,20.771214,19.410734,19.086302,20.467997,18.869,14.413433,19.274456,19.118551,20.10086

14.742672,20.396063,19.88717,19.561295,20.74203,19.15474,15.601874,19.692343,19.589773,19.992825

16.601442,20.536255,20.03922,19.798792,20.911032,19.233824,13.515468,20.00149,19.722664,20.158693

15.079482,20.698015,20.072819,19.76153,21.004488,19.331415,14.4945755,19.813183,19.707714,20.211138

16.410515,21.036964,19.991203,19.76112,20.900757,19.290274,16.53384,19.98772,19.9355,20.230938

15.584033,20.785568,19.689253,19.597015,20.551497,19.055288,11.941107,20.290133,20.235844,20.23617

16.200727,20.536776,19.904121,19.866625,20.41041,18.685371,16.182621,20.077778,19.531446,19.982014

16.048979,20.316628,19.639248,19.903517,20.281199,18.494083,16.696188,20.418974,19.960106,20.204424

16.279364,20.829287,19.392754,19.742596,20.223818,18.453259,15.502662,20.13668,19.712149,20.281311

17.65923,19.84966,19.532846,20.034452,20.378637,18.477886,16.007298,19.60101,19.564579,20.033407

17.271334,20.267508,19.774815,20.197756,20.475138,18.565445,14.061384,19.395044,19.241674,20.036901

16.61021,20.46497,19.639261,20.086391,20.448105,18.576546,16.379187,19.757006,19.151138,20.210903

15.938438,20.84459,19.59539,20.187809,20.450266,18.527199,14.817727,20.212416,19.329567,20.186653

16.592356,20.942616,19.74051,20.166958,20.479715,18.413567,15.446652,20.354544,19.530176,20.206324

14.595029,20.615446,19.818161,20.114239,20.411987,18.531439,14.277636,20.659895,19.845634,20.30753

16.418308,20.793129,19.810638,20.081333,20.388268,18.46684,13.777852,20.678364,19.700605,20.383299

17.203602,20.94783,19.802858,20.085154,20.422684,18.409296,15.796888,20.792625,19.756712,20.467356

18.36067,20.936668,19.983078,20.017832,20.49789,18.547632,14.156752,20.588379,19.312885,20.443367

19.016397,20.91339,20.309288,20.167276,20.713175,18.680511,11.682911,20.676037,19.001265,20.480423

18.61161,20.923134,20.375828,20.276827,20.864979,18.775604,13.60466,20.67711,18.9956,20.557108

17.313202,21.076492,20.56963,20.382858,21.030518,18.97251,12.256481,20.854408,19.32962,20.739761

18.788908,21.104206,20.574703,20.490244,21.116314,19.04475,13.182251,21.202768,19.487654,20.933903

17.571053,21.33564,20.619753,20.438185,21.196915,19.13971,17.560856,21.326452,19.59372,21.093721

17.612091,21.221848,20.500486,20.271448,21.11865,19.175425,16.201508,21.36039,19.648767,21.271725

16.45608,21.27575,20.472118,20.220903,21.191221,19.069298,13.912904,21.171133,19.648348,21.175537

17.805086,21.271622,20.857048,20.483767,21.308237,19.232632,13.459445,20.936235,19.617378,21.15699

15.773901,21.613256,20.712488,20.405382,21.29093,19.291254,12.529874,21.259047,19.941938,21.425016

15.159824,21.457886,20.694584,20.487696,21.278166,19.389326,14.247477,21.553556,19.913923,21.417921

15.935897,21.753344,20.853624,20.636171,21.375092,19.507624,13.158121,21.355919,19.870062,21.46018

16.172415,21.404297,21.018856,20.787294,21.5472,19.592674,13.707051,21.456057,20.329062,21.596563

15.88186,21.81751,21.083473,20.882174,21.657217,19.773428,9.880312,21.911163,20.141687,21.734509

15.777894,21.850853,21.152046,21.024967,21.781826,19.847456,11.490228,21.96042,20.295467,21.855843

16.651808,21.943228,21.368402,21.188776,21.951967,19.951614,12.314627,22.250309,20.135399,21.941011

16.74504,22.396852,21.578579,21.41951,21.995846,20.240887,13.342203,22.678267,20.483864,22.08139

17.437439,22.25661,22.373701,21.985554,22.495773,20.535566,13.606091,22.674362,20.829231,22.06838

18.8692,22.57621,22.526924,22.187313,23.155323,21.058466,11.945557,22.782824,21.04277,22.440302

16.275724,22.889843,23.382322,22.683084,23.63839,21.47432,14.455365,22.588524,21.59945,22.536182

17.999971,22.71871,23.095568,22.42153,23.792292,21.759136,11.380207,23.73867,21.099014,22.980167

15.588298,23.4842,22.918444,22.461346,23.79024,21.955223,14.934804,23.264612,21.840576,23.147728

17.080338,23.299639,23.43707,22.799957,23.779476,21.728958,14.11253,23.761505,21.976429,23.223505

17.573425,23.665112,23.646084,23.153364,23.650717,21.778214,12.663019,23.799051,22.025745,23.477924

16.34019,24.310867,23.334723,23.004139,23.496647,21.87415,12.559903,23.418644,22.154673,23.556047

17.043495,23.562359,22.854446,22.654951,23.329933,21.704765,10.438164,23.262522,22.024633,23.571491

14.529145,23.361761,23.132,22.726612,23.266901,21.50349,15.058136,22.649288,21.786797,23.321472

15.675603,23.964304,22.792393,22.55759,23.022194,21.517342,13.307482,23.419834,22.405949,23.584019

15.761052,24.376022,22.798813,22.78953,23.124258,21.450363,14.042208,23.213764,22.309353,23.43173

15.730916,23.843988,22.88841,22.706186,23.253157,21.53815,13.387481,22.642693,22.111849,23.311918

16.075403,24.4718,22.712427,22.576736,23.231548,21.821087,14.01687,22.488062,21.650772,23.190283

15.727965,24.071,22.596613,22.697268,23.359623,21.8992,16.600134,23.322287,22.252157,23.235273

16.653717,24.088156,23.367727,23.222399,23.72352,22.215633,14.299953,23.84212,22.833466,23.205982

17.650612,23.79412,23.90759,23.751865,23.941431,22.575726,15.068528,23.159595,22.677404,23.29419

16.4143,24.000406,23.812561,23.773113,24.215433,22.878197,12.810058,23.053122,22.976124,23.540651

17.333979,24.540083,23.63902,23.608503,24.411348,23.01809,16.757227,23.064196,23.040632,23.543352

15.613523,24.214205,24.142635,23.8341,24.658348,23.209494,12.962217,23.247416,23.019665,23.527407

17.20418,24.812307,24.588602,24.30452,24.76039,23.468596,16.453773,23.413965,23.28687,23.7865

16.052198,24.686172,24.729565,24.445862,24.865467,23.494524,16.111576,24.063173,23.756605,24.078299

17.321524,25.260036,24.67347,24.542381,24.889454,23.754532,16.951832,24.574593,23.757383,24.238716

15.843426,24.745317,24.645676,24.431995,24.841803,23.787518,16.837324,24.38948,23.933317,24.365145

16.150587,25.379961,24.401733,24.206503,24.492594,23.680958,17.615164,24.58953,24.05342,24.498083

15.734351,24.94354,24.045948,24.015064,24.469847,23.669752,15.993814,24.576315,24.219011,24.394936

16.273129,24.508902,24.117968,24.056509,24.59866,23.550135,14.727338,24.044807,23.701803,24.165583

15.88714,24.693766,24.569956,24.242,24.880543,23.798027,15.575342,23.983904,23.803719,24.183702

16.352564,24.731956,25.044594,24.66746,25.009247,23.97398,13.051673,24.120737,23.896484,24.392387

17.041214,25.20751,24.980503,24.671782,25.222641,24.07661,16.417004,24.65942,23.813002,24.692923

16.360868,25.57753,24.915802,24.689129,25.360004,24.23987,14.756454,24.66681,24.154514,24.895174

15.61079,25.142168,24.897236,24.719065,25.491058,24.547798,14.733061,24.929152,23.938816,24.976034

16.887417,25.66177,25.151484,24.889933,25.737503,24.717484,15.204505,24.266228,24.583437,24.996475

15.483452,25.82962,25.141794,24.908531,25.796982,24.987333,14.772543,24.513824,24.175743,25.061346

16.42148,25.987583,25.09234,24.899004,25.670385,25.051739,14.019798,24.169338,24.53199,25.16599

16.822243,25.440536,24.754858,24.60317,25.519062,24.978342,15.566951,24.778946,24.522411,25.080107

16.741955,25.813345,24.758963,24.539074,25.180674,24.996754,18.296722,24.019047,23.710472,24.883497

16.640692,25.43694,24.740568,24.442019,25.088663,24.998125,15.474928,23.662355,24.075712,24.878044

15.715227,25.695284,24.555983,24.466833,24.966429,24.872972,14.286309,23.782652,23.732944,24.885538

16.344442,25.388012,24.433754,24.504263,24.957468,24.746494,14.251814,23.897758,22.929821,24.705954

16.28317,25.203495,24.256098,24.41344,24.95963,24.820122,13.948651,24.05077,23.117067,24.703323

15.979606,25.580942,24.35301,24.634523,24.957739,24.896849,10.975584,24.135565,23.222597,24.607172

15.701087,25.328802,24.740881,24.883389,24.95033,25.044044,12.279254,23.859869,23.289295,24.425575

16.684145,25.69463,24.593397,24.724382,24.914877,25.039772,13.816268,23.907757,23.354937,24.442202

15.379965,25.791203,24.227507,24.556826,24.858809,25.144863,11.04986,24.39969,23.59134,24.604662

15.371277,25.29104,24.566868,24.789726,25.123245,25.028986,13.695915,23.998919,23.091833,24.41985

18.405329,24.459639,25.006681,25.21903,25.303455,25.219702,13.752713,24.140966,23.236254,24.338089

16.37823,25.456663,24.916594,25.235193,25.258856,25.267172,17.093344,24.290253,23.248537,24.581228

16.234503,25.950922,25.04628,25.561817,25.298565,25.42077,17.245506,24.41203,23.637526,24.551756

16.92061,25.837334,25.128597,25.670307,25.464468,25.511425,15.155279,24.46122,23.622202,24.570673

17.345188,25.748682,24.915848,25.51036,25.36899,25.373089,16.280046,24.98257,23.423439,24.598963

16.903809,25.663412,25.056992,25.676952,25.235384,25.33247,16.60555,25.165693,23.39903,24.519854

17.073261,25.525578,25.085764,25.979155,25.208155,25.301626,14.059171,25.025831,23.571964,24.639324

16.371288,25.603708,24.724287,25.748089,25.35925,25.25784,14.137074,25.029118,23.462145,24.639442

17.133337,25.986338,24.86166,25.800135,25.369106,25.146814,15.199032,24.848392,22.822426,24.500593

19.044956,25.769545,25.062397,26.011005,25.348946,25.29981,18.0513,24.7121,23.110952,24.579348

16.372986,25.742836,25.307697,26.088362,25.15129,25.300129,16.815279,25.022604,23.721073,24.674517

16.478075,25.652346,24.657019,25.706644,24.847809,25.028421,17.01341,25.526525,23.675156,24.776196

16.988287,25.61126,24.085333,25.296242,24.749533,24.927177,14.431194,25.011646,22.95422,24.54598

17.23548,25.107573,25.02085,25.83066,24.98144,25.112846,15.393022,24.956717,23.106733,24.316908

17.270775,25.124918,25.555069,26.075562,25.22647,25.444532,17.37205,25.07583,23.56097,24.460505

16.821665,25.48847,25.006073,25.892704,25.26283,25.529573,15.556609,25.296991,23.78896,24.675474

16.667088,25.732183,25.162392,26.044846,25.111324,25.494442,15.470634,25.22374,23.33298,24.5546

18.017166,25.203049,24.86791,25.775745,25.007639,25.41289,16.45597,25.046885,23.151953,24.435738

16.88974,24.886328,24.470682,25.729607,25.088718,25.396095,16.855484,24.712587,23.241488,24.043419

16.538448,24.8093,24.79355,25.91311,25.41007,25.368149,16.720167,24.874065,22.208937,23.851238

16.337605,24.578943,25.250809,26.16172,25.694664,25.400455,15.295368,24.73961,23.191109,23.957767

17.449118,25.519463,25.194221,26.19763,25.68647,25.563606,15.195723,24.471548,23.51587,24.19628

17.116558,24.742754,25.100939,26.233765,25.778965,25.66354,14.01688,24.550934,23.506802,24.226564

18.400322,25.488802,25.146236,26.066643,25.569052,25.515656,16.432299,24.683226,23.783625,24.049282

15.64964,25.087032,24.419851,25.637194,24.988434,25.154516,13.1288185,24.811758,23.498394,24.081165

16.19943,25.089354,24.353632,25.419573,24.646479,24.626173,13.869664,24.539837,23.8213,24.045118

17.611345,24.82295,24.03326,25.08985,24.440329,24.267801,14.511316,24.33605,23.36126,23.831402

16.880743,24.489147,24.067728,25.081911,24.394821,24.022388,14.242169,23.722404,22.85913,23.701801

16.707384,24.093607,24.179974,25.236444,24.348433,23.89366,13.47827,23.764374,23.156609,23.688643

17.508276,24.451857,24.22752,25.531502,24.512995,23.906809,18.116615,23.55832,23.09305,23.452536

15.806822,23.324953,24.811043,26.024057,24.574661,23.976717,18.377705,23.255583,22.732618,23.356035

20.470827,24.251383,24.627832,25.754969,24.573599,23.808117,15.367199,23.321041,22.878359,23.543608

16.858604,24.198008,24.053772,25.367676,24.42306,23.56328,16.95647,23.479774,22.898157,23.357845

16.041466,23.75294,23.991333,25.23705,24.25105,23.331509,14.799975,23.114277,22.59038,23.15429

16.735147,23.656433,24.093002,25.07802,24.097584,23.114931,15.171763,23.11086,22.827183,22.971523

17.176733,23.496323,23.405752,24.537052,23.560873,22.81872,14.901221,23.329382,22.516594,23.057869

17.196806,23.12685,23.316708,24.408443,23.021236,22.21201,16.890715,23.046888,22.235306,22.758581

15.421025,22.681541,23.394974,24.380556,22.929232,22.033306,8.825853,23.047157,21.925554,22.591724

15.4599695,22.598024,23.71617,24.54712,23.099236,22.05456,15.542846,22.776423,21.849754,22.472477

14.884271,22.508787,23.535522,24.15607,23.172304,22.043322,11.898007,22.824553,21.783203,22.577826

15.587949,22.839445,23.724592,24.067257,22.99374,21.969751,14.422531,22.335392,21.621155,22.441324

15.201867,22.45478,23.25449,23.605415,22.758081,21.717438,15.065234,22.317411,21.076088,22.33308

16.935032,22.10597,22.528631,23.112051,22.416212,21.512533,15.073026,22.714611,21.164839,22.33592

17.717588,22.140512,22.66432,23.144844,22.321066,21.054451,15.481186,22.199463,20.49018,22.067167

15.5627985,21.77285,22.809912,23.154839,22.397655,21.019724,16.499702,21.708946,20.705694,21.885174

15.291771,22.428164,22.932814,23.148485,22.551636,21.1186,15.618199,21.816898,20.922096,21.996386

17.227406,22.000135,23.394934,23.307192,22.792,20.962444,14.905435,21.892925,20.879215,21.921213

18.530857,22.264091,23.496532,23.386528,22.733831,20.763405,15.286457,21.999842,20.420498,21.970062

17.674992,21.919867,23.024828,23.146381,22.297462,20.55397,14.696133,21.319508,21.044172,22.200752

16.856483,21.707117,22.62695,22.833448,21.793045,20.168201,15.554909,21.67487,21.147514,22.09542

17.36866,21.511322,22.180136,22.407969,21.45747,19.799461,17.475077,21.833267,20.529661,21.90338

17.55923,21.243876,22.067745,22.468927,21.483507,19.529276,16.111982,20.634796,20.527136,21.54022

16.147434,21.147213,21.729889,22.329063,21.31264,19.228512,15.134055,20.60126,20.301777,21.408072

19.903023,21.159716,21.53931,22.1876,21.054611,19.009293,14.480775,20.29058,20.043682,21.187363

16.515429,20.722166,21.083452,21.977327,20.98598,18.975101,15.375928,20.432007,19.873344,21.031738

16.80676,20.258677,20.690401,21.915432,20.773275,18.775024,16.89102,20.092203,19.680145,20.770239

15.960388,20.087675,20.747713,21.93587,20.651245,18.59627,13.711282,19.934435,19.25301,20.464653

16.824305,19.528795,20.579985,21.791075,20.787155,18.566296,11.795124,19.528423,19.007368,20.228605

15.310109,19.681526,21.437279,22.23056,21.002897,18.573416,14.095208,19.533442,18.820297,19.98404

16.173536,20.002596,21.21254,22.05057,21.212517,18.801594,14.669602,19.755333,18.813932,20.143303

15.672248,20.677979,20.708706,21.894733,21.254925,18.820604,13.074536,20.201117,19.259586,20.292759

15.900971,20.358,20.80836,21.975985,21.226034,18.70146,17.228762,20.238838,19.31789,20.316996

15.578624,20.408037,20.795618,22.003078,21.087427,18.712317,13.121397,19.951136,19.927132,20.363811

13.58914,20.429493,20.748539,21.826946,20.98149,18.732502,11.894277,21.114649,19.674614,20.465918

15.6771345,20.29114,20.511292,21.77925,20.7898,18.579784,13.3790455,20.89927,19.98453,20.66318

16.59933,20.190672,20.921625,22.10883,21.050232,18.649868,13.816796,20.292927,19.61117,20.645866

15.503267,19.96196,21.215845,22.137133,21.335217,18.90935,13.745535,20.454838,19.75899,20.793184

22.38103,20.991426,21.146614,22.200087,21.666634,19.037495,18.00273,20.81499,19.766333,20.9894

16.57887,21.024118,21.58058,22.623404,21.855436,19.359798,14.74495,20.754335,19.603823,21.090279

16.374737,21.254698,21.481134,22.549124,22.081383,19.564896,15.992045,20.383396,19.994118,21.342867

16.40247,21.519653,21.501617,22.568897,22.15235,19.673962,12.292971,21.326439,20.18818,21.553078

17.268747,21.776857,21.561148,22.678398,22.081125,19.716288,15.300885,21.40862,20.253887,21.622158

16.652313,21.249477,21.4061,22.690008,22.156755,19.751762,14.71539,21.354721,20.355198,21.699373

17.900623,21.637964,21.75941,22.74465,22.334305,20.022081,15.758936,21.696466,20.669523,21.747393

17.02666,21.396938,21.73034,22.727982,22.489828,20.268675,12.999311,21.770464,20.435541,21.774746

17.060253,21.499195,21.776865,22.887777,22.637346,20.46208,15.890393,21.54451,20.350847,21.800499

17.930668,21.616285,22.080473,23.072044,22.93897,20.69906,15.081234,21.861204,20.648457,21.972181

16.85756,21.639252,22.274492,23.130272,23.281542,21.056007,14.554913,22.084173,20.790567,22.186584

17.094412,22.205442,22.974392,23.723005,23.535961,21.30496,15.468676,22.51222,21.020388,22.399979

17.323326,21.915401,22.807615,23.63041,23.65411,21.211138,17.27401,22.570158,20.937067,22.669662

18.028091,22.420593,22.59357,23.662556,23.769262,21.323696,18.869614,22.90649,21.151272,22.712778

15.899277,22.40049,23.158579,23.94876,23.82546,21.61365,18.125238,23.040075,21.258444,22.665928

17.037266,22.63253,22.781612,23.839354,23.843645,21.785034,14.145512,23.219007,21.58949,23.036278

16.911655,23.024069,23.059397,24.16992,23.836517,21.888237,15.131457,23.408442,21.733965,23.050476

13.363002,22.783735,23.428816,24.270956,24.09644,22.013784,15.564091,23.546593,21.561733,23.233276

17.326605,23.12543,23.268896,24.180155,24.233755,22.095478,16.682135,23.710186,21.89144,23.480238

16.211275,23.440315,23.388872,24.274187,24.632408,22.21914,13.514551,23.511326,21.938807,23.21405

14.236459,22.613676,23.430325,24.275341,24.674805,22.14652,17.230005,22.957869,21.670286,23.182117

16.704542,22.632412,23.106567,24.121677,24.296371,22.056927,15.919305,23.195826,21.975828,23.24238

16.270061,23.04561,23.497107,24.239138,24.096766,21.771782,16.947243,23.491835,22.500824,23.224293

16.147636,23.471344,23.329718,23.89822,24.156687,21.728718,14.969185,23.443722,21.547262,23.32696

17.19561,22.912457,23.620583,23.994287,24.361341,21.590633,15.235591,22.961567,22.144154,23.37765

15.965923,23.324265,23.52532,24.073805,24.60048,21.909725,17.56914,23.53216,21.793962,23.459734

16.686687,23.694408,23.305267,23.806683,24.381353,21.912445,15.691863,23.920513,22.257374,23.535006

16.68496,22.738632,22.948942,23.67676,24.064934,21.570148,14.728253,22.8772,21.580473,23.48909

18.385054,23.184587,22.865541,23.450293,23.7063,21.00699,11.030056,22.571945,21.580803,23.317276

14.84362,22.897476,22.012915,22.904152,23.38355,20.565268,14.309943,22.755445,21.259218,23.199867

16.76272,21.932384,22.400206,23.094612,23.437447,20.34471,16.766127,22.000725,20.917742,22.840714

15.74776,22.492481,22.741652,23.059862,23.777662,20.668217,14.100847,22.31187,21.057104,22.778341

14.898475,22.239546,22.43295,22.81558,23.85221,20.915653,14.220267,22.168253,21.764143,22.92765

16.698973,22.680029,22.519346,22.840744,23.879444,20.904118,16.087515,22.167713,21.737497,22.870865

15.863494,22.193964,22.121815,22.544922,23.565773,20.72645,14.463976,22.1391,22.05152,22.937923

16.151205,22.59398,21.925604,22.240944,23.244665,20.434029,15.438451,21.915213,21.37485,22.82522

16.88331,22.346756,21.74626,21.998224,23.068628,20.263533,16.088749,21.99567,21.446272,22.78253

16.913256,22.444513,21.908321,21.980556,22.985317,20.030264,14.439053,21.475344,21.257956,22.640059

14.595047,22.294296,21.588556,21.59382,22.948193,20.003714,13.752956,21.593,20.950743,22.660328

16.567863,22.434515,21.536777,21.60393,23.080935,19.958185,15.478059,21.421728,21.097044,22.474619

17.750679,21.940037,22.013334,21.832611,23.34917,20.147123,15.923457,21.480778,20.962368,22.400867

17.38719,22.21654,22.22162,21.797298,23.527319,20.387619,13.316152,21.381838,21.439314,22.575706

15.603543,22.525097,21.940153,21.614195,23.573332,20.464684,12.518585,21.47257,21.595596,22.5736

17.507,22.362358,21.517822,21.306763,23.361166,20.484331,13.413084,21.406944,21.761473,22.607212

16.503908,22.121746,21.845888,21.407824,23.241108,20.410612,12.198975,21.131678,21.742128,22.460354

16.059563,21.907505,21.752636,21.229696,23.019995,20.395563,15.514153,21.56839,21.555191,22.50908

17.893984,21.996265,21.594873,21.173782,22.950382,20.147766,15.610799,21.17907,21.401936,22.4396

17.644194,21.64685,21.67954,21.349255,22.985579,19.82891,17.675016,21.16852,21.123688,22.291039

16.81024,21.621786,21.804558,21.450785,23.292374,19.962769,16.045513,20.901602,21.131918,22.314878

17.32927,21.712046,21.922672,21.595713,23.494732,20.201994,16.175926,21.226969,21.298275,22.429802

15.646884,21.757235,21.88811,21.554605,23.668045,20.2666,15.660291,20.877663,21.111958,22.421167

16.868607,21.330122,21.587824,21.282711,23.560156,20.260456,16.492756,21.273415,21.36678,22.44781

15.885554,21.506441,21.469727,21.38775,23.102942,20.049824,17.750998,21.668985,21.144041,22.320936

16.221695,21.038952,21.224894,21.361298,22.684832,19.756527,15.076787,21.285769,21.201912,22.18114

16.73317,21.111374,21.490301,21.559347,22.61891,19.854393,16.707891,20.934956,21.34853,22.10583

15.583383,21.521875,21.956072,21.871534,22.87245,19.991673,14.760105,20.769865,20.97264,22.070984

14.1942,21.709982,21.75993,21.658186,23.217512,20.187012,14.873332,20.460915,21.050684,22.11724

16.509382,22.145763,21.830536,21.843504,23.287872,20.276442,13.950904,20.75353,21.037632,22.16689

16.930092,21.681868,21.719095,21.932047,23.466965,20.266836,16.254889,20.993364,21.302319,22.15126

17.521076,21.635246,21.870583,22.118109,23.280193,20.324902,13.880628,21.20281,21.687119,22.125446

16.593945,21.959887,21.519089,21.85458,22.979172,20.237923,15.167733,21.226871,21.367104,22.155949

17.116295,21.57517,21.270939,21.698847,22.838575,20.126951,17.119257,21.029678,21.295992,21.987534

17.125374,21.442451,21.837967,22.12314,22.987488,20.187836,13.672824,21.109005,20.862038,22.040358

16.85009,22.30673,22.297644,22.403818,23.026281,20.262857,14.190575,21.344257,21.297852,22.20279

16.38089,21.743303,21.887709,22.32196,23.189707,20.519289,11.74641,21.685408,21.550581,22.37616

15.792455,22.574598,21.724165,22.309135,23.446455,20.566872,11.111841,21.906723,20.82976,22.226114

20.165918,21.206131,22.61211,22.881002,23.7906,21.074389,10.839852,22.104906,20.918808,22.277462

14.432098,22.143215,23.775215,23.720968,24.242468,21.485857,14.310934,22.02509,22.046976,22.542152

17.443232,22.790989,23.37835,23.539976,24.330797,21.79065,18.968533,22.7516,22.179752,22.996477

17.53513,22.803871,23.35019,23.673027,24.741808,22.23086,15.895166,22.34222,21.933449,23.188267

18.31352,22.402397,24.337795,24.347202,25.052053,22.502909,16.742918,23.127668,22.0708,23.531452

18.307259,23.816923,24.517014,24.741444,24.804977,22.730923,16.200163,23.732082,22.434761,24.251163

17.997284,23.68499,23.844679,24.439568,24.658504,22.812624,15.930861,23.985218,22.988592,24.54114

18.750479,23.498688,23.35538,23.928532,24.846601,22.449078,14.308214,23.975037,22.297514,24.438807

18.473286,23.022514,23.953362,24.060488,24.964622,22.51549,14.323808,24.367632,22.384842,24.429697

17.215727,23.308065,23.65985,23.84259,25.249035,22.510324,13.694586,24.481808,22.458162,24.619638

16.481144,23.53613,23.875834,24.091358,25.501854,22.521849,11.863663,24.170158,22.72821,24.593695

16.87936,24.144266,24.526539,24.473692,25.4811,22.659014,14.931072,24.673252,22.59405,24.76604

17.961775,24.473783,23.950636,24.110437,25.374191,22.594692,11.851728,24.491434,22.626587,24.89503

16.845121,24.733997,23.571058,23.841072,25.154926,22.67213,14.679127,24.460281,22.812857,24.779236

17.872831,24.861753,23.959229,24.1085,24.89047,22.667946,13.186728,24.348005,22.763058,24.75598

18.151224,24.72144,23.820374,24.037971,24.661585,22.540089,12.587943,24.343632,23.277435,24.93179

15.682352,24.670948,23.482197,23.793484,24.540976,22.508503,14.20858,24.547714,23.5319,24.96201

15.97454,24.338911,23.687824,23.698326,24.715656,22.318613,12.470365,24.084867,23.05352,24.807846

17.989618,24.619951,23.620787,23.811644,24.602448,22.47175,13.806853,24.053673,22.830008,24.96085

17.28664,24.875782,23.667742,23.642597,24.769182,22.657106,12.799074,23.535316,22.905237,25.015776

18.097675,24.983871,24.038979,23.79708,25.372337,22.69863,17.415503,24.078018,23.130156,24.942522

16.544935,24.90439,24.122324,23.98424,25.53053,22.840454,14.27156,23.640104,22.923462,25.119205

17.87917,24.957203,24.687727,24.450665,25.610363,22.91272,17.891636,24.127535,23.241915,25.275482

17.238731,24.971365,24.75513,24.566694,25.97545,23.193027,14.329123,24.702192,23.219906,25.431686

16.84638,24.74316,25.15803,24.92114,26.336367,23.3685,17.357641,24.384851,23.407125,25.309347

17.852137,25.322882,25.263163,25.010122,26.349287,23.404417,14.607351,24.417645,23.506783,25.335094

17.690462,25.746801,25.517818,25.056082,26.120462,23.400885,16.436356,24.128866,24.060417,25.26947

18.0256,25.479408,24.687153,24.981594,25.897915,23.337921,18.212923,24.71168,24.366465,25.283405

18.547157,24.937923,25.199165,25.454905,25.941484,23.349062,19.074244,24.122448,24.50059,25.002262

17.626396,25.354633,25.22954,25.230251,25.792469,23.47603,19.320091,24.498098,24.395613,25.122734

17.06623,25.876062,24.75515,24.969484,25.680254,23.082523,15.431438,24.190561,24.695618,25.207254

14.957863,26.42686,24.809052,25.159468,25.619274,23.232033,12.510931,24.55572,24.668318,25.235943

17.381845,25.952888,25.10506,25.25716,25.948969,23.637882,13.228613,24.6435,24.743576,25.25953

16.488674,25.854816,25.686224,25.604008,26.275238,23.832727,12.074577,25.025282,24.581907,25.274704

16.258495,26.063728,25.640776,25.811604,26.552769,24.114693,13.505805,25.315954,24.393034,25.372063

18.45001,26.315676,25.65241,25.95032,26.709766,24.081055,14.582437,25.22403,24.53858,25.460703

16.975672,26.233736,25.6694,25.88428,26.544376,24.110493,14.750174,25.271212,24.44401,25.47125

16.706821,26.450834,25.879972,26.060062,26.588,23.992563,14.19132,25.4606,24.597006,25.564127

17.042645,26.572977,25.513159,25.830553,26.542673,24.12314,14.619833,25.707771,24.537458,25.624895

17.196833,26.152828,25.136316,25.572819,26.51754,23.892315,15.9790535,25.515863,24.185913,25.552895

16.764906,26.02899,25.852718,26.21632,26.707575,23.752403,14.4483795,25.538322,23.830124,25.53912

17.531109,26.494564,26.353214,26.527235,27.105665,24.061121,13.352461,25.500011,24.158087,25.84145

16.342201,26.973166,26.28065,26.471853,27.330975,24.152363,15.599642,26.233746,24.354252,26.10003

16.647055,27.068407,26.34734,26.548805,27.45831,24.095144,13.29495,26.047474,24.51139,26.307077

14.980055,27.139193,26.137112,26.393847,27.254253,24.251474,16.020067,26.088076,24.60308,26.42196

15.157142,27.154673,25.794588,26.25148,26.95997,24.143164,15.079679,26.567434,24.894772,26.542366

17.087357,27.114832,25.854883,26.487652,26.862661,24.038977,11.303825,26.31199,24.82087,26.436968

16.06481,27.173601,25.97506,26.666882,26.869894,24.029089,10.796304,26.099733,24.65158,26.456846

15.56942,27.309853,25.795773,26.45106,26.508867,23.79006,12.772,26.195684,24.167551,26.462393

16.4404,27.350563,25.178875,26.049799,26.46007,23.619457,13.199629,25.974243,24.564194,26.458727

15.963951,27.168926,25.45907,26.37658,26.34011,23.502586,13.679104,25.903133,23.988138,26.256647

17.559446,26.844673,25.43923,26.265331,26.679504,23.71392,13.86129,25.470015,23.984884,26.228703

16.332813,27.049086,25.711779,26.624895,26.893892,23.881212,14.455171,25.485447,24.004747,26.2636

16.686073,27.497423,25.97692,26.755182,26.788267,24.114908,13.138446,26.036175,24.226227,26.33464

16.658503,27.154596,25.611506,26.536667,26.435587,23.978668,14.793769,25.79444,24.206861,26.301188

17.788477,27.848074,25.328676,26.148005,26.148563,23.86109,13.421846,25.392662,24.278395,26.124084

14.07872,27.100336,25.360716,26.17544,25.86596,23.818937,12.113434,25.954489,24.341438,26.099354

16.490065,26.854858,25.310701,26.053902,25.720787,23.775517,13.15055,25.556221,23.737337,25.917952

17.956848,26.633093,24.878672,25.9648,25.668978,23.491476,16.701828,25.195765,23.879076,25.760653

18.039778,26.869448,24.97153,26.01095,25.662672,23.378628,13.679961,24.469402,23.577337,25.58656

17.191221,27.19728,24.961168,25.785162,25.513002,23.197437,15.274041,24.454407,23.686216,25.46928

19.268665,27.005901,24.605715,25.487566,25.374664,23.068617,8.946002,24.469706,23.717258,25.42847

16.741112,26.676842,24.836985,26.032345,25.328545,22.935825,15.582837,24.633787,23.124578,25.273527

15.866978,26.536356,25.076344,26.409775,25.61747,23.15003,16.083197,24.615635,23.37107,25.295834

16.62839,27.426464,25.323631,26.760162,25.957188,23.582964,18.091232,24.488253,23.82462,25.503824

17.17586,27.3542,26.797039,27.410467,26.777075,24.229517,16.284737,24.495607,23.861748,25.561863

16.11862,28.171267,26.737856,27.575455,27.18853,24.811651,14.413967,24.684187,23.930738,25.786432

16.118608,28.126379,26.405602,27.813238,27.460688,25.306597,12.327996,24.711117,24.448048,26.024343

16.804173,27.976578,26.729876,28.213995,27.445648,25.396555,12.639212,25.153446,24.204578,26.066298

16.583086,27.741383,26.642647,27.995594,27.627022,25.753302,15.930334,25.20219,24.35466,26.172071

17.34674,28.021282,26.805204,28.131048,27.83588,26.104025,12.794812,25.579912,25.08008,26.598164

17.160069,29.296543,26.849434,28.23032,27.965496,26.056822,15.655054,26.091484,24.65821,26.893763

17.008015,29.758871,26.815073,28.193483,27.858047,26.147877,14.596994,25.360788,25.077423,27.090916

15.18621,29.468845,27.08741,28.563244,27.704515,26.302126,14.181136,25.830088,25.047016,27.148838

16.207474,29.127708,26.817831,28.321424,27.598331,26.25064,15.806909,25.90101,25.187101,27.276924

17.90366,28.930384,26.738102,28.17676,27.465654,26.228962,13.425421,26.067,25.07,27.232773

15.001344,28.547752,26.872902,28.583174,27.616629,26.239532,14.281392,26.048182,24.951872,27.210535

17.278332,28.461893,27.125399,28.762056,27.712091,26.233587,16.620583,25.731188,25.481655,26.73122

17.605867,28.439472,26.855326,28.514763,27.633806,26.184738,15.522267,25.632591,24.79653,26.699364

19.393942,27.718925,26.867395,28.508524,27.492025,26.156528,16.172424,25.166168,26.083063,26.528297

16.851288,28.335812,27.166779,28.648767,27.539392,26.162668,17.625547,24.769983,26.14943,26.388508

16.23632,27.074715,27.172693,28.533657,27.4384,26.30914,13.187569,24.250803,26.03108,26.59502

17.697754,28.055931,27.137463,28.570757,27.479376,26.3593,13.604576,23.472122,27.373192,26.631355

17.000313,28.088434,27.40436,28.679615,27.664251,26.447023,15.4029665,24.356853,26.48322,26.683268

17.110735,29.335857,27.49817,28.508938,27.82068,26.703268,14.237514,25.305714,25.942234,26.591093

18.035421,28.552656,27.531488,28.61441,27.955906,26.738756,12.231164,24.220234,26.198622,26.55784

17.236612,28.26438,27.86989,28.943157,27.928808,27.06147,13.959444,24.852903,25.833132,26.65584

19.107536,28.06739,27.720139,29.063044,28.164,27.269724,15.445265,25.266685,26.704657,26.81469

17.935755,29.122637,27.889542,29.398464,28.48993,27.527327,14.680319,25.282572,26.65786,26.815561

18.42949,28.997751,27.42975,29.185034,28.221426,27.486301,13.12019,25.263098,26.328697,27.06348

15.877974,29.234007,26.964622,29.000128,27.730087,27.324474,15.211738,24.679373,26.55112,26.918928

15.49078,27.69742,26.996426,29.125519,27.480246,27.074137,14.5095625,25.10933,26.117304,26.571613

16.68984,27.741236,27.745785,29.775726,27.670218,27.102427,16.539843,24.659119,26.11016,26.259953

18.704355,27.525583,27.864578,29.81827,27.881756,27.091188,13.831231,24.889256,26.18237,26.422571

15.77719,28.072344,27.773962,30.107851,27.923311,27.103401,14.677845,24.606174,26.296543,26.296354

19.565334,28.00701,27.324707,29.960335,27.689877,27.233868,14.086677,25.68802,25.917665,26.676529

19.713411,27.717411,28.056162,30.388552,27.745127,27.263985,15.900717,25.613869,26.454952,26.637867

18.719082,28.29857,27.98807,30.230684,27.982605,27.448586,18.70884,25.716154,25.67467,26.859085

19.2877,27.02775,27.627203,30.226994,28.093462,27.57823,16.045053,26.10697,25.389973,27.013891

17.694468,28.826982,27.861645,30.479803,28.21387,27.426363,14.542461,26.380053,25.587772,26.95813

18.08815,28.69134,27.968336,30.544685,28.272305,27.746315,13.576644,26.516464,25.59728,27.129736

18.98341,29.266056,28.649942,30.946953,28.265718,27.623037,12.634246,26.475006,25.832388,27.097738

17.99873,28.778559,28.223274,30.634695,28.356123,27.80239,12.97808,25.99507,26.419142,27.303251

18.649097,28.640728,27.966654,30.499592,28.39617,27.734333,13.023094,26.575243,26.337002,27.418308

18.632326,28.457264,28.050072,30.469114,28.188637,27.423262,14.485741,26.078838,25.838001,27.516302

17.806751,28.542196,28.021442,30.250645,27.950262,27.475512,15.339291,25.742298,26.166441,27.558788

19.383158,28.662273,27.672977,29.903927,27.744928,27.278292,17.175285,25.855087,25.893667,27.51362

14.352673,27.92008,27.403551,29.476862,27.604761,26.965448,14.901635,25.817814,25.77545,27.39913

17.919338,28.25286,27.480473,29.446474,27.596735,26.855528,15.987393,25.921667,25.539604,27.298773

19.762583,27.816484,27.294937,29.291735,27.500101,26.78136,17.224062,25.986948,25.638624,27.274326

17.633307,27.665829,27.092714,29.195885,27.40376,26.69841,17.528301,25.335709,26.020487,27.185495

17.464024,27.441723,27.70477,29.409355,27.725206,26.667965,16.670261,25.331541,25.532892,27.099514

18.157001,27.613707,28.052692,29.561914,28.204199,26.860645,16.511332,25.651474,25.139795,27.105087

18.032984,28.024574,28.562258,29.911594,28.601976,27.105541,15.977981,26.038721,25.606369,27.351913

18.22062,28.414618,28.70495,30.04775,28.750744,27.251005,13.7438,26.513802,25.918226,27.698423

14.765264,28.822508,29.05125,30.33342,28.842747,27.552094,13.660248,27.546024,26.102152,27.796488

17.793901,28.866718,28.538082,29.866684,28.689741,27.618156,17.91903,27.508055,26.33513,27.898758

16.55301,28.583252,28.170881,29.54578,28.372744,27.2295,14.985399,26.225122,26.011032,27.770721

16.988316,28.715769,28.634064,29.77485,28.264753,27.23858,15.257549,26.324537,25.91012,27.65005

18.395937,28.844646,28.476791,29.729046,28.008389,27.14071,16.491575,26.663473,26.184023,27.692242

18.341232,28.422647,27.923773,29.31923,27.609123,26.751228,13.560259,26.262129,26.346323,27.571817

16.757982,28.062017,27.29432,28.858196,27.071302,26.369007,15.712362,26.056969,26.146137,27.353338

17.514639,27.790524,26.938297,28.565636,26.636997,25.98846,15.517172,25.828796,26.002563,27.057375

17.961676,27.184723,26.90345,28.384031,26.631931,25.75581,17.988039,25.515673,25.64116,26.637638

16.367264,27.121225,26.758217,28.15482,26.193987,25.557686,16.2339,25.444805,25.669247,26.534832

16.409847,27.208767,26.039421,27.78809,25.969492,25.531603,16.709328,25.06797,25.086594,26.404871

17.425388,26.810537,26.68382,28.191261,26.213865,25.60757,12.47073,25.302643,25.096474,26.053816

18.654696,26.500538,26.986097,28.063374,26.29769,25.659115,15.76998,25.536846,24.917824,26.127693

17.514914,26.517664,26.590315,27.802538,26.186342,25.547712,14.135506,25.335585,25.172129,26.262207

18.649715,27.040026,26.321217,27.601982,25.971571,25.511656,16.54247,26.20275,25.095753,26.201443

15.615547,27.187857,26.238716,27.347507,26.02665,25.520132,12.735411,25.611187,25.367945,26.067682

17.945717,26.514437,26.286373,27.148478,26.21645,25.785143,16.7525,25.295935,24.971474,25.867826

18.373335,26.6143,26.459627,27.113981,26.463556,25.785353,16.13835,25.115519,24.777927,25.895903

15.977509,27.003168,26.590515,27.282145,26.45032,25.780966,11.742204,25.032925,25.24915,25.969074

18.320095,27.006165,26.48247,27.062553,26.266502,25.6245,14.970031,24.835667,25.063124,25.9613

17.347155,26.725733,26.334538,26.869562,26.014744,25.425156,13.065166,24.719393,25.116257,25.796953

19.003208,26.74963,26.176823,26.692837,25.65079,25.095297,15.084663,24.884027,25.062662,25.79461

16.214396,26.517519,25.823385,26.462408,25.460049,24.70323,13.830225,24.815441,24.754793,25.668203

17.958862,26.404917,25.857603,26.477068,25.442076,24.416578,14.363592,24.806839,24.552116,25.601215

22.382627,26.391363,25.775515,26.366531,25.445652,24.340754,13.973108,24.587128,24.450134,25.590553

16.316145,26.46399,25.708584,26.392555,25.362793,24.137913,14.309874,24.741806,24.586626,25.714384

17.847063,25.914223,25.99113,26.699184,25.38083,24.10234,14.618809,24.225405,24.823761,25.590689

16.704876,26.47036,25.900566,26.576567,25.364605,24.143717,17.473211,24.5541,24.541578,25.708584

18.420984,26.126476,25.83683,26.60188,25.482796,24.17592,15.039122,24.366806,24.94075,25.743143

18.270147,26.281815,26.220734,26.871346,25.646774,24.229532,15.8506975,24.491117,24.61581,25.754166

19.138975,26.489923,26.30775,27.046124,25.788006,24.42743,16.598623,24.792429,24.873447,25.970358

17.145378,26.481684,26.43015,27.26849,25.910242,24.436544,16.07065,24.575674,25.01319,26.008247

18.251219,26.646912,26.47458,27.35029,25.991446,24.530249,13.577431,24.787638,24.771364,26.050554

17.732685,26.635378,26.502808,27.566118,25.854794,24.39307,15.818104,24.491531,25.02631,26.115

17.305933,26.214825,26.435572,27.46033,25.851147,24.242323,13.750745,24.841732,25.291819,26.146692

22.552729,26.623499,26.461227,27.543007,25.764534,24.195597,13.76958,24.667788,25.264854,26.116817

16.58358,26.791904,26.525238,27.59509,25.715292,24.041115,15.267071,24.626036,25.212217,26.169111

18.155928,26.478676,26.288076,27.325928,25.63457,23.913624,16.493898,24.530552,25.38443,26.208565

17.123356,27.157728,25.730524,26.84873,25.334234,23.758879,13.163461,24.420774,25.438953,26.274982

17.690542,26.700714,25.747948,26.87256,25.188131,23.471943,16.373434,24.047472,25.030603,25.99508

16.58811,25.872074,25.809042,26.881046,25.337921,23.284582,15.802415,23.620838,24.810474,25.807644

17.768993,26.365454,25.49057,26.538925,25.152235,23.175777,15.478252,23.650301,24.594503,25.858723

17.855494,25.970173,25.24293,26.319494,24.824009,23.062252,12.116052,23.524992,24.41948,25.646637

17.46013,26.08125,24.79659,26.213022,24.436672,22.768764,11.459089,23.582975,24.48568,25.429531

15.493011,25.804197,24.63913,25.983793,24.297497,22.65981,13.291051,23.187355,24.113455,25.408188

16.46795,26.049192,24.530632,25.801355,24.18637,22.640347,11.4520445,23.71475,23.799582,25.395859

16.65146,25.599808,24.176193,25.473629,23.927078,22.695501,12.734553,24.419882,23.80758,25.33291

17.730576,25.81968,24.027615,25.477333,24.08343,22.81856,17.980194,24.830067,23.093035,25.031895

16.750885,25.189522,24.45787,25.81044,24.615614,23.130539,14.258483,24.18685,23.400866,24.81182

16.838219,25.598816,24.99974,26.353685,25.05327,23.64727,15.296342,24.263796,23.40336,25.003662

17.760069,26.29222,25.464888,26.936562,25.308895,23.984053,14.410897,24.251892,23.964577,25.41377

15.387839,26.560904,25.317522,26.83641,25.221743,24.342834,13.313705,24.79357,24.06821,25.609034

17.303808,25.501614,24.993757,26.640589,25.207506,24.400074,15.953919,24.975525,24.64063,25.59295

18.09552,26.140411,25.359394,26.789865,25.261026,24.552309,14.48725,25.216206,25.238752,25.642227

17.940588,26.3193,25.737577,26.940542,25.520134,24.927355,15.0734215,25.726116,24.408833,25.613384

16.955189,26.083801,25.949947,27.3522,25.849667,25.242369,15.099156,25.417294,24.84502,25.828192

18.22092,26.24197,26.456703,27.583162,26.06212,25.336811,18.741041,25.186419,24.679178,25.995903

17.144356,27.087755,26.199387,27.508514,26.07491,25.546247,17.584845,25.671757,25.069733,26.131922

17.365341,27.244236,26.249226,27.624174,26.026821,25.773882,18.35044,25.842464,24.960505,26.165018

16.610502,26.499836,26.209082,27.345999,26.198765,25.774767,13.712184,25.83866,25.595848,26.275312

17.262096,27.150581,25.800552,26.996796,26.02331,25.658468,14.916435,26.807608,25.43531,26.46443

17.143278,27.037897,26.154886,27.28728,26.062725,25.57618,15.848063,26.422672,25.121847,26.439203

17.573038,26.839306,26.351202,27.26515,26.125225,25.497828,15.3120165,26.21489,25.446592,26.637337

16.385632,26.772152,25.943983,26.794708,26.007202,25.572481,16.097992,26.279425,25.380953,26.825994

17.495071,26.780579,26.1053,26.678377,25.905403,25.493034,15.710027,25.908155,24.92384,26.80972

16.536068,26.621655,25.892353,26.334608,25.793331,25.598232,17.073559,25.900331,25.29253,26.88171

16.799799,26.74108,25.69673,26.162888,25.355385,25.266298,13.332156,25.957825,25.054176,26.842077

17.195646,26.640444,25.552305,26.21603,25.098904,24.995274,15.179078,25.834496,24.790276,26.76334

16.51803,26.046951,25.697046,26.523197,25.227081,25.037632,13.94315,25.603857,24.713894,26.554165

15.039476,26.066648,26.139313,26.800343,25.48774,25.229143,13.25095,25.96047,24.636816,26.599985

16.109047,25.65229,26.39691,27.003078,26.09094,25.619726,11.967479,25.988043,24.728498,26.43295

12.370057,26.219725,26.41569,26.96744,26.204535,25.831636,14.578192,25.314043,24.797039,26.411535

15.520465,26.606337,27.07956,27.413332,26.448347,26.08808,14.483241,24.850702,25.200941,26.452877

16.572289,25.704584,26.9707,27.49761,26.531643,26.290102,16.97347,24.079554,25.710579,26.583525

14.875503,27.495455,26.695124,27.628183,26.454012,26.347336,15.971588,24.959473,25.836248,26.651796

17.729986,26.78154,27.09937,27.828897,26.571152,26.264853,11.720673,24.398808,26.010546,26.462952

17.36625,27.37348,26.988623,27.678581,26.627504,26.58099,15.180285,25.509146,26.08736,26.71169

17.137665,27.751768,27.229757,27.835073,26.611443,26.499533,16.089987,25.678568,26.483082,26.936235

17.87062,28.114948,27.312218,28.042385,26.724264,26.240791,17.002169,26.299217,26.430977,27.19877

18.310553,27.9651,27.190426,28.12004,26.721897,26.325861,16.191578,26.14394,26.382576,27.365128

15.94167,27.949821,27.530231,28.432177,26.790459,26.487213,13.149211,26.231295,26.001072,27.289171

17.09926,27.846977,27.808107,28.695944,27.050598,26.674412,16.71884,26.009441,26.455778,27.26017

16.7516,27.671528,28.171225,28.89651,27.156042,26.812334,15.090733,25.920237,26.641922,27.401278

18.09845,27.951803,28.234156,28.93323,27.241386,26.862064,14.616539,26.371925,26.74287,27.499352

18.654772,28.109383,28.200377,28.936275,27.30491,27.019737,15.962133,26.27277,26.982687,27.573193

17.999308,28.123072,28.187738,28.9361,27.286587,27.044033,18.186031,26.365765,27.21995,27.652555

17.364668,28.051903,28.11098,28.968857,27.161785,27.011076,16.902185,26.486696,27.593882,27.716515

14.777506,27.949636,27.697418,28.827131,27.007212,27.062006,15.392131,26.20717,27.358822,27.63943

16.153883,27.724308,27.545395,28.474224,26.841398,26.991959,15.430961,26.048674,27.076008,27.588774

16.441963,27.671122,27.777021,28.594254,26.80003,26.810553,13.244856,25.74468,26.85018,27.483234

16.835394,27.792812,27.653605,28.84123,26.92557,26.79369,15.699635,25.974133,27.023891,27.478287

16.90494,28.074238,28.023252,29.017979,27.163046,26.860968,13.3215,25.763382,26.933252,27.437681

17.795914,28.34372,27.8024,28.979797,27.33451,27.228659,13.718081,25.872446,26.860468,27.636515

16.714334,27.884548,28.15311,29.391382,27.48686,27.297459,13.887934,25.608095,26.783619,27.474201

18.894543,27.935934,28.392916,29.45429,27.373272,27.217672,14.344821,26.210052,26.886562,27.614325

19.153332,27.894892,28.267286,29.371744,27.23942,27.102297,17.008314,26.180899,27.129969,27.633461

17.808807,28.313934,27.381027,28.940504,26.946325,26.929682,17.004545,26.449272,27.055061,27.755074

18.13709,28.407299,27.819765,29.230844,26.778711,26.824957,15.712003,25.57546,26.993269,27.446167

16.893862,27.092295,28.112614,29.356636,26.596401,26.840075,17.952944,25.646849,26.695063,27.524794

18.638369,27.346851,27.557251,28.881985,26.254684,26.562157,19.01073,25.738676,26.92353,27.589083

17.863,26.524992,27.135078,28.742804,25.7802,26.349728,14.593861,25.920067,26.820406,27.375347

17.56005,26.662909,27.22465,28.661358,25.709772,26.141708,14.388275,25.998253,25.415413,27.160067

17.85095,26.810524,27.031963,28.385653,25.502813,25.814272,16.404648,25.795633,25.8342,27.067696

18.258097,27.501896,26.802427,28.420544,25.824032,25.885342,17.584091,26.43461,24.680239,26.981508

17.769356,26.896265,27.488104,28.801575,26.435133,25.876753,13.756183,25.276258,24.834724,26.62303

18.07064,26.787487,28.238712,29.154995,27.086452,26.484726,15.458514,26.696268,24.628994,26.819298

19.352798,27.011177,28.806105,29.752115,27.309992,26.909245,13.503538,26.929884,25.02648,26.998821

18.195436,26.970121,28.656706,29.584751,27.061531,26.797638,12.940003,26.881804,25.687738,27.358025

16.74409,27.207565,27.600864,28.937616,26.686838,26.70743,15.380352,26.308413,25.69608,27.511806

16.704123,27.17959,28.095394,29.109718,26.370468,26.39056,13.552066,26.230595,25.440542,27.456335

17.020008,27.067839,27.579779,28.796967,26.175133,26.098108,12.34584,26.023485,25.249548,27.680878

16.68388,26.90046,27.369757,29.124048,26.217066,25.848555,11.880172,25.516098,25.457016,27.641403

17.969385,26.656551,27.499268,28.972963,26.066422,25.749699,14.084959,26.112719,24.978958,27.611792

15.987766,26.642164,27.470665,28.925518,25.99757,25.791803,13.106351,25.666162,24.858524,27.583586

18.400806,26.576782,27.153706,28.809902,26.03453,25.946835,14.650694,25.949425,24.848589,27.488316

15.542581,26.225437,27.354788,28.777168,26.066532,26.052809,13.820949,25.437813,25.13925,27.283077

16.915894,26.439444,27.254492,28.795185,25.937317,25.909771,13.956073,25.320347,25.175188,27.232399

16.656454,26.748558,27.02609,28.640759,25.833948,25.713812,14.057587,24.999819,24.916517,27.088503

17.28965,26.418718,26.700441,28.456688,25.850098,25.590946,14.880328,24.882124,24.650509,26.912563

17.745956,26.378086,26.940474,28.669088,25.816366,25.52259,14.137907,24.710352,24.880762,26.937237

15.474342,26.15666,26.964104,28.62425,25.96107,25.565657,15.005011,25.113527,24.550705,26.9328

17.274477,26.22495,27.153795,28.795359,26.074726,25.424452,15.811853,25.375334,24.646997,26.853031

17.91567,26.484774,27.817743,29.241894,26.055508,25.363953,16.994864,25.37526,24.48485,26.87478

17.730309,26.78906,27.413168,28.782597,25.904272,25.306108,17.47293,25.312704,25.019133,26.90352

17.795713,27.084835,26.962282,28.45403,25.770603,25.210846,16.239569,25.242264,25.67119,26.847776

17.672487,26.716318,27.332264,28.86382,25.90122,25.292643,16.133606,24.74681,25.208195,26.665083

17.666231,26.802204,27.70575,29.176514,26.54442,25.773933,14.18573,24.764692,25.016205,26.648922

16.609562,26.759434,28.246622,29.612185,27.05515,26.254122,15.759167,25.319794,25.803312,26.777891

19.330662,27.174244,29.034674,30.055365,27.273735,26.462593,15.968153,25.302698,26.209162,26.91867

18.702951,27.735685,28.419233,29.86028,27.1122,26.487957,15.3379345,25.639631,26.919693,27.064344

18.6688,27.72606,28.270191,29.61083,27.090475,26.263565,14.966673,26.036024,26.512997,27.046917

18.466722,27.669815,28.553076,29.903696,27.02145,26.220278,15.703473,26.28123,26.610395,27.084309

17.468103,27.557617,28.543922,30.167456,26.880655,26.15937,12.518273,26.143202,27.045778,27.181938

17.56274,27.25436,28.213854,29.854687,26.683302,26.059483,16.96211,26.30941,27.133667,27.212494

18.327404,27.27147,28.461456,29.815887,26.681713,25.77804,17.966606,26.010681,26.726099,27.010416

16.154587,26.890972,28.244627,29.71088,26.738295,25.569475,16.308065,26.336744,26.233923,27.056282

17.227411,26.977343,27.593285,29.38206,26.579851,25.456644,16.57561,26.199259,26.556286,27.096596

16.227879,27.121506,27.803417,29.571032,26.226566,25.467773,15.267936,26.301659,26.608809,26.951088

18.467613,26.648605,27.634224,29.29944,26.187973,25.426008,15.351422,25.88918,26.349365,26.864803

18.505444,26.966732,27.4394,29.244936,26.17543,25.344322,15.0739975,26.075361,26.27626,26.798582

18.804752,26.81835,27.391033,29.358425,26.432447,25.257547,15.077649,26.020145,25.883934,26.720371

18.546234,26.810465,27.772778,29.597616,26.574924,25.367968,16.462809,25.940039,25.995342,26.727709

17.69123,26.790442,28.062654,29.75368,26.597483,25.317398,16.543545,26.235046,25.832972,26.89294

18.516434,26.621378,27.706123,29.742573,26.341675,25.11724,14.812218,26.54105,25.862564,26.891172

19.474321,26.881414,27.269375,29.539303,25.771338,24.797007,16.35122,26.301521,25.806591,26.929111

18.52224,26.53924,26.925264,29.116209,25.2983,24.380016,13.698911,26.100676,25.19873,26.876705

18.099197,25.973019,26.62678,28.682978,25.126099,24.236526,15.070303,26.124329,25.110722,26.677769

17.354633,25.739452,26.58847,28.608171,25.146519,24.03572,16.884886,25.822706,24.404367,26.619677

17.380426,25.982645,26.226313,28.455673,25.04739,24.115553,16.10257,25.558825,24.5081,26.615784

17.485552,25.511309,26.100855,28.499207,24.941284,24.15935,15.298943,25.43598,24.80083,26.310772

17.063963,24.580362,26.189114,28.354942,25.100506,24.254093,15.521462,24.992458,24.214493,26.030155

18.966557,24.959593,26.418068,28.367636,25.301987,24.584028,15.5301895,25.104387,24.274689,26.104404

15.952223,25.172012,26.88502,28.78801,25.587082,24.832605,14.051508,25.372631,24.12912,26.130196

19.307514,25.55667,26.89079,28.692656,25.770336,25.167242,15.469391,25.235462,24.628298,26.239342

17.265886,25.903059,27.206333,28.90946,25.828794,25.47034,16.256308,24.932089,25.005102,26.330256

18.79882,26.115034,27.45905,29.087215,25.88288,25.733498,15.832714,25.298288,25.165634,26.389418

21.034006,26.350496,27.245956,29.017124,26.036226,25.83596,16.468824,25.07983,25.466463,26.40065

18.326508,26.551609,27.30893,29.02716,26.246698,26.05845,15.936065,25.151285,25.79315,26.44871

17.464128,26.555569,27.453987,29.120306,26.679962,26.377312,14.431018,24.987665,25.829922,26.452072

18.788048,27.027973,27.853537,29.285433,27.05411,26.913256,17.41413,25.40261,26.630796,26.659298

18.407278,26.973524,28.504492,29.489485,27.558254,27.177963,17.40184,25.53465,26.78737,26.848145

18.815172,26.973364,28.541,29.654732,27.794487,27.4661,17.378607,25.986849,26.746462,27.094141

17.900541,27.262297,28.656221,29.77279,27.956076,27.633444,17.077066,26.112635,26.677898,27.302937

19.090086,26.518505,29.131466,30.022352,27.992891,27.723066,16.398296,26.133205,26.773405,27.457779

18.399233,27.421001,28.735516,29.747429,27.958883,27.943352,15.095124,26.619818,27.041664,27.744547

16.97145,27.51116,28.786896,29.78627,27.767637,27.734858,12.2192,26.222895,27.035917,27.71884

17.681723,27.354218,28.469719,29.499716,27.619114,27.601603,15.542186,26.634054,27.175861,27.831476

18.040482,27.76532,28.633377,29.718945,27.76586,27.656939,12.499889,26.4763,27.380014,27.908802

19.937235,27.260695,28.800037,30.030941,28.023155,27.874645,15.357216,26.412216,27.28041,28.008158

17.689478,27.62257,29.013323,30.309973,28.362518,28.151796,14.848626,26.65532,27.31487,28.015337

16.847208,27.989525,29.287386,30.379223,28.460419,28.410353,17.88602,26.815935,27.475761,28.115118

17.227947,27.94514,29.344845,30.500044,28.634085,28.546515,17.411844,26.839748,27.516811,28.079882

18.355011,28.22916,28.930681,30.234442,28.56462,28.382936,10.108468,26.858978,27.52036,28.182503

17.611917,27.956158,29.111345,30.380915,28.391409,28.118916,16.640804,26.887648,27.431162,28.08746

19.504866,27.956884,28.46544,30.006187,28.261862,27.959953,16.620235,26.838068,27.14839,28.16338

19.795776,27.844109,28.371916,30.125546,28.101267,27.754545,14.091465,26.402279,27.20949,28.0266

17.919624,27.628275,28.479906,29.96916,28.144882,27.747126,16.70683,26.319036,26.625505,27.947433

18.403358,27.70725,28.523901,29.952576,28.023018,27.937935,12.394456,26.23399,26.872902,27.991812

18.288607,27.621683,28.691406,30.107244,28.004576,27.962305,14.964326,26.333935,26.617304,27.978949

18.095627,27.520035,28.271837,29.857319,27.764385,27.912472,14.120767,26.727528,26.520792,28.025415

17.773752,27.17034,28.072077,29.737494,27.688618,27.782341,16.489788,26.552965,26.18581,27.808119

21.452658,26.786299,28.414215,29.916666,27.608458,27.765944,16.900711,26.369932,25.823538,27.744503

19.450325,27.219467,28.64504,30.112425,27.600428,27.81275,19.374159,26.200912,25.640705,27.684093

18.455948,27.510738,28.318798,29.773508,27.457136,27.742117,17.313797,26.370066,25.81415,27.76244

19.124538,27.290981,27.856245,29.338242,27.172926,27.711096,18.102457,26.510695,26.016684,27.630716

19.511518,27.008085,27.985453,29.472042,27.093424,27.680223,16.315739,26.4459,25.884022,27.532808

16.574785,26.589666,27.5136,29.122385,27.186514,27.683012,17.088385,25.622873,26.093348,27.392109

16.96338,27.001417,27.5585,29.175533,27.211874,27.822168,18.071236,25.472061,25.671139,27.39413

17.364466,27.346899,27.9542,29.591349,27.469574,28.11276,15.480472,25.384676,26.00643,27.397419

18.192484,27.455853,28.159544,29.607737,27.808178,28.34813,10.181111,25.159115,25.966179,27.444143

17.416418,27.381258,29.025883,30.212471,28.25006,28.760952,16.465706,25.01149,26.142313,27.492378

19.531004,27.84895,29.02218,30.442522,28.777822,29.172775,16.661427,25.239807,26.543892,27.777252

18.43043,27.946074,28.66691,30.398191,28.83607,29.524944,17.411222,25.913607,26.91711,27.89283

16.734356,28.101246,28.870132,30.403229,28.622257,29.613266,13.691134,25.841555,26.980183,27.908367

17.299656,27.61613,28.655361,30.365059,28.431057,29.676342,17.245232,25.755138,27.19371,27.905468

18.715258,28.079165,28.62789,30.407959,28.434414,29.688736,13.436761,25.96856,27.324226,27.88887

16.235142,27.965296,28.861668,30.630314,28.545595,29.591743,14.513041,25.83136,27.260462,27.896196

17.697838,27.910368,29.160433,31.004217,28.965433,29.854712,15.728695,27.065016,27.864239,27.991331

18.134695,27.983486,28.846437,30.927996,29.150265,30.435163,15.206498,27.06077,27.264946,28.18666

19.193727,28.265669,29.105848,30.980883,29.272467,30.365881,14.623903,24.949854,28.061304,27.818798

19.094116,27.165348,29.24905,31.254145,29.41476,30.647367,14.048865,25.925386,27.57906,27.855364

19.827707,28.624493,29.337063,31.323105,29.413542,30.839771,17.183662,26.358046,27.87175,27.882385

19.384766,28.038902,29.191875,31.266527,29.398056,30.961887,14.178801,25.51703,27.77785,27.885471

20.267548,28.714125,29.489769,31.782415,29.534967,31.21714,15.180335,25.14317,28.116774,27.873219

20.959734,28.729155,29.48329,31.76692,29.683628,31.375063,16.6537,25.833803,28.485142,27.870628

20.30014,28.060757,29.680504,31.956675,29.848366,31.591043,14.717701,26.217337,27.451355,27.862999

18.609318,27.815584,30.034399,32.142918,30.08995,31.690939,15.237425,26.326015,27.755524,27.928331

18.600042,28.51587,29.848171,31.995361,30.147013,31.911268,13.306823,26.537603,27.973263,28.007036

18.865591,28.528131,29.796175,32.15115,30.34976,32.212044,14.525707,26.71106,27.968168,27.986013

18.235455,27.938538,30.03802,32.361965,30.61568,32.275288,14.259393,26.560709,27.841356,27.974403

18.149353,28.240156,30.660324,32.700542,30.77095,32.357666,14.3594885,26.830294,27.74999,28.022243

18.548368,28.734482,30.344679,32.423645,30.64886,32.526024,15.239283,27.170353,27.827688,28.187294

18.326048,28.318232,30.096785,32.239796,30.487057,32.389244,12.680944,26.65141,27.912312,28.08527

18.55602,28.156021,29.706255,31.967314,30.235653,32.03998,16.203766,26.533394,27.886484,28.059395

18.463589,27.768333,29.36783,31.60521,30.201918,31.959846,14.5433,26.04551,27.324228,27.916368

19.608433,27.709373,29.155321,31.220793,30.153112,31.955595,14.805891,26.297638,27.375973,27.897625

18.227457,27.433857,28.861141,31.323158,30.143543,32.058876,17.447044,26.2228,27.173748,27.77278

19.511803,27.093138,29.221766,31.628958,30.094374,31.821602,13.91695,25.801655,26.769781,27.550741

20.028406,27.380316,29.40027,31.60757,29.993557,31.762064,14.902601,26.167336,27.107292,27.588322

20.921703,27.248247,29.183033,31.352833,29.995659,31.501139,15.571099,25.893915,26.963379,27.46788

18.566038,27.12393,29.220833,31.568975,30.085258,31.515877,14.225727,26.004862,26.722229,27.329521

19.436316,26.73245,29.47016,31.797998,30.131208,31.549639,15.997058,25.773376,26.62263,27.331556

19.519718,26.882961,29.2346,31.773882,29.87271,31.406408,16.146898,26.055607,26.960897,27.58467

18.509981,27.220734,28.804985,31.571566,29.696844,31.122128,16.868982,26.281591,27.059076,27.505941

17.304407,26.471966,28.882755,31.67003,29.703552,30.979021,17.541842,25.91876,26.298422,27.287418

18.51491,26.262774,29.33313,31.821653,29.836948,31.118052,15.591765,25.963842,26.50663,27.372862

17.62802,26.404713,29.455488,31.937138,29.599646,31.084377,15.219548,25.53839,26.167658,27.719475

18.79786,26.650263,29.046085,31.703238,29.339476,30.734516,14.736483,25.901617,26.099487,27.55503

18.304075,25.957647,28.8787,31.548946,29.26469,30.730772,14.579044,26.535109,25.823608,27.66856

18.537209,26.398563,29.074924,31.314974,29.412611,30.569088,13.598573,25.90912,25.554562,27.665033

17.511595,25.608068,29.29459,31.38502,29.585493,30.436426,16.005424,25.854033,25.855427,27.56534

19.581913,26.335777,29.037556,31.175457,29.691923,30.39451,11.65467,26.522732,25.808374,27.563847

18.833124,25.451801,29.07649,31.061718,29.709053,30.154907,16.425444,26.131273,25.75368,27.508015

19.51164,25.199564,29.362932,31.167578,29.638083,30.482615,16.241903,25.67969,25.676315,27.488585

17.134485,26.182009,29.512154,31.320272,29.785784,31.015581,16.234285,26.021872,25.87382,27.72459

18.267714,25.75419,29.438438,31.225739,30.128662,31.348969,13.56417,25.785284,26.190943,27.76767

19.74122,25.882427,29.44034,31.245394,30.371681,31.71429,14.988456,25.780258,25.598797,27.828789

19.709023,26.339556,30.107075,32.107666,30.827236,31.843037,13.780944,25.664524,25.884487,27.87933

19.88547,26.298061,31.500088,33.106747,31.288887,32.206604,14.464372,25.858751,25.62911,27.96225

19.832348,26.835815,31.455536,33.10725,31.711384,32.535778,16.119959,26.115807,26.416796,28.175179

17.876926,27.271702,31.139507,33.103107,31.31358,32.71205,17.81373,26.67216,26.615053,28.355616

19.51917,27.616924,30.907164,33.127464,30.875578,32.60528,16.200441,26.278559,26.923195,28.34956

20.432262,27.61072,30.480787,32.827774,30.78765,32.50721,13.457965,25.471104,27.055605,28.350904

18.591017,27.095161,30.589249,33.045788,30.929268,32.795933,15.2821245,25.626543,26.82907,28.411522

18.940271,27.027977,30.981573,33.40973,31.207178,32.707592,16.529762,25.66748,26.868114,28.375698

19.573889,27.19984,30.576778,33.04297,31.232048,32.777657,17.097391,25.855227,27.037716,28.522947

20.165943,27.14245,29.861273,32.745953,31.00897,32.466957,17.705463,25.960829,27.204674,28.484255

19.1684,26.68724,29.97422,32.75639,30.963789,32.38042,17.91039,25.76097,26.419401,28.134966

18.918407,26.15941,29.8556,32.53816,30.313105,32.023888,16.329405,25.228817,26.318275,27.939468

19.164122,26.25139,28.962324,31.76396,30.149828,31.78605,17.330627,24.852257,26.267435,27.86429

18.628716,26.288061,28.730185,31.505476,30.051392,31.432184,16.344301,25.22557,26.154976,27.667803

18.5453,25.53286,28.949032,31.363121,30.057497,30.834625,16.05567,25.130714,26.224697,27.421677

18.671303,26.484316,29.271759,31.603098,29.989002,30.74359,15.098507,25.05591,25.613283,27.412836

17.351332,27.368809,29.017239,31.848293,30.2595,31.199982,15.21165,24.755753,25.570892,27.62786

17.618109,26.238043,29.231926,32.276302,30.578897,31.299704,16.160305,25.237226,26.053476,27.357716

17.926386,25.855833,28.810623,31.358273,29.959408,32.002647,17.938065,25.14844,26.131954,27.413456

18.257057,25.154911,27.662622,30.252003,29.239777,31.110453,16.415987,24.586006,25.658009,27.112238

20.374683,25.042389,27.326008,29.967834,28.597666,30.265865,15.853103,24.456944,25.253567,26.727285

18.12274,23.537971,27.839115,30.193537,28.193699,29.816381,17.310751,23.992336,24.61535,25.976456

17.693228,23.984613,25.907854,28.570946,26.608458,29.151241,16.560444,24.325823,25.088823,26.519814

18.744097,24.24015,24.222118,27.859413,25.544567,28.88189,15.147481,24.469778,24.912552,26.080965

16.583265,21.11269,26.035326,28.911522,25.615932,27.98983,16.38551,24.266922,23.11632,25.003178

15.929553,22.670984,24.619068,27.95309,25.427925,28.438211,13.505918,24.913664,22.601229,25.076832

14.925186,21.363686,25.170626,27.862494,25.607065,27.955729,15.753563,23.535795,23.397053,24.443874

15.986431,21.217585,23.339344,26.641184,25.053118,27.707033,13.075057,24.799286,22.347626,24.19049

14.375144,21.593155,23.523806,26.705202,24.522871,27.211908,13.707842,23.377924,22.171612,23.663002

18.647892,19.752802,22.368916,25.806871,23.875034,27.15116,14.345989,24.41841,20.278933,23.361452

17.266602,20.044123,21.153461,25.50873,23.347244,26.365053,14.272147,21.96008,21.565384,22.92755

16.523212,19.466536,21.35058,26.072178,23.323679,26.354597,14.940739,22.617838,19.995522,22.094456

17.08506,19.495483,22.384026,26.019833,24.431545,27.287434,11.910801,21.628788,20.718557,21.830559

17.519531,20.122942,23.94076,26.73773,25.459797,28.234053,14.571814,21.218185,20.511276,21.761032

16.847551,20.288193,23.237368,26.563883,25.653448,28.651178,13.875007,21.368597,21.013674,22.009123

18.38085,20.079124,23.538883,26.309134,25.740585,28.333084,13.1896715,20.483038,21.431093,21.994127

17.244553,20.280422,22.780048,25.934317,25.067627,28.023237,15.082284,21.354109,21.483557,22.166262

17.460949,20.298372,21.576994,25.601923,24.13867,27.47165,16.041388,20.9129,21.53407,22.294947

14.412987,19.581259,21.486708,25.669107,23.452024,26.619518,16.919172,20.9968,21.317757,21.946156

16.753641,19.922262,20.83692,25.093245,23.095232,26.13782,14.469194,20.862284,21.064837,21.808107

16.585506,19.52176,22.38029,25.887665,23.583323,25.968761,13.670235,20.05907,20.606798,21.522009

16.840078,19.407824,23.585993,26.760874,24.253242,27.036362,14.927445,20.70284,20.764381,21.600216

17.789879,19.973473,23.58975,26.773712,25.010303,27.545258,16.126478,20.536322,21.27312,21.928244

17.723457,19.701006,23.782532,26.762136,25.36832,27.813961,15.74377,21.331877,21.46276,22.165857

17.236618,19.974228,23.866596,26.83675,25.40255,27.54033,17.305113,21.04903,21.571167,22.391947

18.085575,19.835276,23.989542,26.919962,25.437626,27.311773,15.106978,21.236904,21.756874,22.521908

16.324041,20.06558,24.067968,27.0595,25.356546,27.52028,10.856135,21.262072,22.029549,22.545004

18.79936,20.244244,23.532091,27.082209,25.163765,27.5537,11.476621,21.200531,22.1587,22.739109

17.817463,20.23773,23.656878,27.302721,25.176956,27.676388,13.406613,21.142063,22.271238,22.567556

18.006086,19.734488,23.85921,27.366465,25.152254,27.661034,13.635178,21.451563,22.121851,22.51751

19.930906,19.907173,23.645222,27.101778,24.394197,27.768206,12.056989,21.125877,22.352266,22.652008

18.285812,19.895346,24.063894,27.23421,24.30039,27.533289,14.5983515,21.150364,22.070984,22.568275

18.42124,19.635904,23.752792,27.395456,24.246717,26.693819,16.699766,20.832691,22.12272,22.466164

19.470446,19.680407,23.383436,27.639185,23.879042,27.099888,17.106623,20.549582,22.18041,22.510574

17.882376,19.491928,22.893244,27.318678,23.911158,27.120064,17.808075,20.5016,22.137892,22.407177

18.39735,18.696539,22.873796,27.517933,24.521809,27.61303,15.849041,20.702543,21.734947,22.060442

17.331388,19.14618,24.166542,28.326,25.340986,27.934013,16.191113,19.942835,21.620337,21.978012

16.881914,19.719393,25.135859,29.269478,25.910341,28.356358,14.2158165,20.313644,21.714832,22.122402

18.312906,19.892284,24.554703,28.933907,25.58029,28.664518,13.7868805,20.613052,22.071335,22.358276

25.441092,19.37288,24.219856,28.567892,25.490984,28.392187,10.466449,20.77317,21.830885,22.316715

17.586317,19.260172,24.303125,28.549614,25.210556,28.189676,14.520901,20.742844,22.3011,22.216406

15.974618,18.936865,24.820984,28.860027,24.931353,27.83794,15.893545,20.817509,21.704193,22.125793

18.206102,18.815083,24.089022,28.325296,24.93685,27.89865,12.937525,20.587702,21.737919,22.385714

16.836983,18.423405,23.57006,28.240343,24.855946,28.167303,19.5835,21.115694,22.040415,22.287529

19.014675,18.279165,24.34899,28.799793,24.89883,28.071762,12.701668,21.666567,21.118471,22.10982

17.860136,18.153864,24.767591,28.796703,24.830723,27.94781,13.030856,20.698635,21.233301,22.072596

16.67509,18.403763,24.163895,28.54898,24.56106,28.09716,13.431754,20.986134,20.879377,22.134457

16.87136,18.468826,24.088926,28.39855,24.600306,27.496271,15.744682,20.59105,20.855679,22.027462

18.181116,18.222353,24.45873,28.4462,24.71121,27.440147,16.993088,20.250145,20.714178,21.972563

15.372195,18.652437,24.029652,28.437849,24.616074,27.576029,14.267264,20.492817,20.955698,22.140944

17.032713,18.102606,24.44746,28.85276,24.518553,27.644802,14.410652,20.451561,21.166862,22.129858

17.151518,18.359787,24.034534,28.7302,24.553755,27.978638,15.473398,20.51096,21.159813,22.282013

16.290783,17.806969,24.386059,29.044939,24.416744,28.01027,15.742147,20.590107,21.190783,22.106915

18.704721,17.752213,24.854294,29.056559,24.719604,28.21239,13.726085,20.737804,20.822197,21.960823

18.790604,18.028646,25.091026,29.23937,25.355001,28.37361,13.560891,20.436575,21.222382,22.034052

17.354752,18.89569,25.808043,30.037136,25.876026,28.807833,12.540906,20.558708,21.34808,22.17619

19.991823,18.963867,25.352262,29.84324,26.038193,29.482656,10.107159,20.272818,21.451794,22.520561

21.252762,19.228085,26.084545,30.234583,25.869078,29.824642,14.42068,20.34736,22.170631,22.56317

18.682114,19.374119,25.6781,30.045326,25.588018,29.840527,17.005358,21.0448,22.167053,22.54728

17.6853,18.940521,25.391851,30.130976,25.525213,29.556164,15.009922,20.15372,22.307228,22.583351

19.694012,18.722218,26.28024,30.865545,26.0446,29.558985,13.044598,21.092014,21.985569,22.582903

18.8605,19.364313,27.12143,31.350315,26.844723,30.387394,15.843124,20.980213,21.88337,22.71937

20.066143,20.26732,27.492128,31.846544,27.41415,31.119625,17.249834,21.161564,22.273413,23.115068

19.58486,20.647615,28.298868,32.3213,27.692701,31.885921,17.486889,21.251322,22.899828,23.571075

18.163572,21.031542,28.764381,32.81745,28.158989,32.430576,15.234092,21.434591,23.239471,23.81646

19.767946,21.667027,29.767254,33.49103,27.955523,32.885517,14.568103,22.14409,24.186543,24.287857

19.409327,21.895193,29.529564,33.3768,27.989315,33.028107,18.31122,22.72339,24.795988,24.6556

19.938755,21.879519,28.21577,32.997124,28.038147,33.1783,17.302866,23.224348,25.148533,24.877

18.807507,21.78199,28.260876,32.852818,27.906914,33.211693,16.364235,23.141056,25.089867,24.97704

18.931145,21.900997,27.43143,32.10629,27.98296,33.12402,18.713932,22.708107,25.234058,25.061054

19.13779,21.516685,27.077961,32.040768,28.664816,33.03992,15.851292,22.780754,24.930017,24.952393

18.699581,21.361473,27.829493,32.36953,29.169939,33.015614,14.715235,22.344337,24.30034,24.893427

16.883886,21.108273,28.087715,32.744377,29.70879,33.61947,13.6125965,22.647697,24.713514,25.179127

17.659548,21.823503,28.654015,33.461678,29.97406,34.056606,15.166808,22.902903,24.57532,25.290455

19.731401,21.513737,29.13125,33.750114,29.830297,34.29451,14.859999,22.929413,24.253023,25.224379

17.542965,21.994371,28.510256,33.453682,29.369526,34.297928,14.07139,23.06294,24.1705,25.48542

18.364632,22.058397,28.51861,33.46862,28.3792,33.766632,13.805456,23.09952,24.646872,25.462517

17.659771,21.874409,27.940111,33.196697,27.842236,33.569717,14.246346,23.026506,24.473566,25.55324

19.763721,21.482227,28.043646,33.51083,27.834845,33.610424,15.474169,22.748657,24.67378,25.416937

18.85419,21.652594,27.74303,33.332664,27.733406,33.786503,11.780347,22.54925,24.396774,25.422657

18.21508,21.07911,27.963923,33.52151,28.079348,33.370636,12.090936,21.993698,24.540434,25.209587

17.266928,21.25159,27.44623,33.37164,28.139341,33.339226,14.6602745,22.250359,24.422272,25.180182

18.971066,20.924652,27.851862,33.781895,28.101044,33.09392,16.126657,22.09799,24.185144,25.020441

18.250216,20.956474,27.986523,34.097748,28.24004,33.032207,15.945073,22.337076,24.10781,24.964678

18.96153,20.64508,27.939451,34.08695,28.433615,33.21085,17.311464,21.910288,24.637377,24.979015

16.514133,21.225498,28.75707,34.203854,28.938637,33.178116,12.951323,21.413626,23.922821,24.978575

14.328737,21.20592,28.385609,33.937347,29.18665,33.175133,15.436548,21.835503,24.424147,25.040428

17.197794,21.737072,28.329775,34.13421,29.351795,33.38356,12.801649,22.328083,24.447132,25.139872

19.087305,21.841272,28.384436,34.10147,29.350048,33.819176,13.382523,22.199926,24.531733,25.203402

17.311558,21.939062,28.596596,34.050575,29.462126,33.754585,12.779912,21.99841,25.330648,25.239386

16.679886,21.859346,28.162823,33.907825,28.659576,33.967712,11.9730425,22.503374,25.679287,25.288548

20.018406,21.049774,28.323246,33.796745,28.880903,33.576538,13.603734,21.792215,25.529972,25.187628

17.164297,21.828276,28.773735,33.919308,28.772755,32.939022,15.114972,21.734724,24.966396,25.171818

19.28205,21.70131,28.524115,33.969913,28.893185,33.237526,15.171343,21.157955,25.367804,25.196331

19.313501,21.429794,28.866598,34.20288,29.08257,32.778515,16.643675,21.275475,25.388783,25.04362

20.330896,21.201754,29.074926,34.212936,29.339188,33.169598,13.169263,21.068014,25.505743,24.993555

19.732403,21.346325,28.96194,34.61422,28.961721,33.16407,15.235231,21.084297,25.63782,25.087286

18.753267,21.471275,28.707163,34.494614,29.017082,33.357273,17.89238,21.430395,26.399614,25.102589

18.223804,21.007446,28.37935,34.07078,28.57161,33.19456,15.046782,21.392334,26.334213,24.994108

15.1164665,20.659008,28.030598,33.30916,28.694115,32.9395,16.326458,20.966991,25.521957,24.747898

18.46066,20.778492,28.826101,33.832214,28.938515,32.81364,14.314265,21.171988,24.979277,24.581007

19.644808,21.65909,28.786358,34.245163,29.33151,33.31673,16.326653,21.861235,25.744257,25.06351

20.079588,22.232378,28.829195,34.541946,29.708986,33.376526,14.612998,22.513113,26.32384,25.057295

18.482424,21.49848,28.84395,34.04079,29.426706,33.313408,15.589452,22.755703,25.722933,25.11926

18.099382,21.326849,28.675926,33.857292,28.864819,32.485214,13.959193,23.093609,24.756668,25.123793

18.47269,20.47539,28.56833,33.64625,28.328423,31.934206,12.3464775,23.302826,24.847387,25.113937

18.531075,19.301573,27.72504,33.08009,27.978678,31.930151,16.133,22.869898,23.741982,25.179049

18.429813,19.988403,27.595182,32.596237,27.979414,31.386911,17.454708,21.786873,23.056757,24.940994

19.160606,19.396873,27.758299,32.554123,28.29216,31.290855,14.116054,21.70195,23.353537,24.828884

19.133326,20.409124,27.461184,32.56915,28.487114,31.617905,13.392776,21.429144,23.447947,24.704914

18.600737,20.278412,27.54542,32.83312,28.694023,31.72784,14.738216,21.418108,23.38813,24.404675

19.471373,20.063309,27.61818,32.61685,28.661564,31.606443,14.103781,21.352938,23.383478,24.266928

17.965921,20.422382,27.411728,32.31927,28.288067,31.557636,15.24584,20.923498,23.571453,24.20962

16.590878,20.354948,26.915062,31.969872,27.787603,31.319084,17.203861,21.240139,23.273209,24.145237

18.059923,20.163279,26.804546,31.991213,27.560768,31.095253,14.160089,20.985115,22.94996,24.033152

18.919657,19.79056,26.285631,31.526884,27.218456,30.665201,14.865715,20.995165,22.286314,23.891293

17.202318,19.479843,26.638702,31.691355,27.065666,30.728407,15.185691,20.729517,22.10601,23.708868

17.530636,19.75714,26.56922,31.621183,27.036795,30.59711,13.855431,20.601341,22.201117,23.752714

16.317095,19.671108,26.455187,31.603502,27.340437,31.00544,15.349602,20.331453,22.502502,23.682322

17.822966,19.728897,26.564228,31.449833,27.470234,31.003994,13.731517,20.467093,22.231161,23.652035

17.718693,19.733232,26.715736,31.359339,27.668139,31.227047,14.790551,20.235518,22.395906,23.685837

18.559029,19.617228,26.667395,31.406164,27.558996,31.177855,15.109311,21.00777,22.452044,23.766563

21.071636,19.71281,26.724792,31.402775,27.375814,31.010746,13.094053,20.670652,22.491882,23.752647

17.890001,19.630024,26.945072,31.612324,27.419994,30.632683,13.691503,20.58998,22.58992,23.702782

18.685617,19.352629,27.097605,31.455736,27.636137,30.618967,14.865482,20.652552,22.74135,23.725012

21.137842,19.759989,26.713955,31.158445,27.672709,30.486128,18.351576,20.719612,22.84893,23.804398

17.440638,19.308853,26.86869,31.209063,27.566423,30.218794,16.231041,20.700455,22.671787,23.687761

18.988583,19.278439,26.466553,30.950655,27.522022,30.336615,15.43926,21.104538,22.45842,23.788662

18.901667,19.367977,26.426931,31.352549,27.63,30.993639,13.931666,21.082224,22.392025,23.801598

18.574081,19.002575,26.925385,31.82225,28.099102,30.886518,15.093592,20.703825,22.833748,23.906044

19.138609,19.436918,26.911684,31.407578,28.076353,30.757101,16.137344,20.70307,23.422585,24.050549

18.358164,20.078608,26.540916,31.335758,28.078453,30.393047,12.639055,21.154934,22.61005,24.107218

18.579033,19.056065,26.764332,31.369633,27.777103,30.155241,14.504925,21.2807,22.726318,24.082047

18.866035,19.224068,26.495728,30.823635,27.271324,29.887032,14.75385,21.637882,22.473236,24.160852

18.274258,19.254929,26.009829,30.675268,27.27467,29.519304,13.654414,21.534977,22.070684,23.99217

18.22262,19.03333,25.906288,30.682455,27.126825,29.379606,15.113164,21.051653,21.816545,23.829603

17.955877,19.645052,26.22032,30.48631,27.423782,28.745365,16.07175,20.19031,22.417887,23.722286

18.366716,20.052631,26.059626,30.559816,26.74728,29.209318,17.577517,20.668215,22.479458,23.670704

18.596937,19.192652,25.795908,30.307987,26.777033,29.791265,15.061459,20.940496,22.434114,23.548101

20.42264,19.295748,25.64435,29.858688,26.467443,29.220295,11.951619,20.800762,21.94986,23.413202

19.138622,18.620792,25.334337,30.120607,26.664164,28.655554,15.021346,20.687378,21.807096,23.262297

18.645247,18.872522,25.130524,30.429377,26.632093,28.322586,12.916786,20.447721,21.724487,23.061552

16.021292,18.924562,24.657572,30.271175,26.50202,28.529594,14.538725,20.770811,21.693459,23.11451

16.12715,18.596466,24.838116,30.469154,26.802042,28.65419,15.527061,20.537157,21.512304,22.942736

17.391485,18.878736,25.072199,30.2509,26.593418,28.990513,14.383093,20.676563,21.445314,23.001278

18.01915,18.809086,25.380589,30.358063,26.60068,28.734211,13.656598,20.245087,21.436699,23.013351

17.116375,18.451345,24.988653,30.036106,26.373016,28.793783,12.437686,20.771503,21.551968,23.069468

18.073694,18.331766,24.719627,29.789232,26.348572,28.77673,12.168435,20.301773,21.061596,22.940529

17.561426,17.811323,24.82924,29.843632,26.21492,28.528414,15.199224,20.143236,20.939043,22.815912

16.220984,18.010674,24.873842,29.910593,26.297707,28.729237,12.92235,20.331894,20.614876,22.71246

17.754972,18.408577,24.906834,29.859772,26.261597,29.015335,13.7594795,20.204685,20.59246,22.604364

19.065357,18.2741,25.005173,30.097029,26.303965,29.279902,15.205345,20.02009,20.702578,22.595192

18.733953,18.399902,25.185465,30.272705,26.503584,29.357143,14.373699,19.549469,20.83404,22.601753

16.341835,18.506634,25.999533,30.583427,26.713747,29.606737,14.207486,19.500496,21.37319,22.592049

18.054304,18.647959,25.978577,30.354744,27.122787,29.834831,11.4863615,19.72473,21.82731,22.864956

17.858671,19.126978,26.068031,30.510637,27.114513,29.972832,13.124661,19.962536,21.97286,22.971203

17.958115,18.732021,25.708904,30.097738,27.04618,30.049265,15.036641,20.264208,21.938425,23.155022

19.045242,18.365135,25.66301,30.142439,26.976954,29.98735,14.526002,20.41881,22.386724,23.217363

17.820095,18.74077,25.742,29.836956,27.24619,30.158749,15.603671,20.15076,22.431276,23.251593

17.875332,18.128345,25.604235,29.571507,27.124195,29.395271,13.935034,19.855476,22.245222,23.211258

18.309393,18.099026,25.926783,29.854286,27.558582,29.540388,16.133173,19.953348,22.119246,23.121029

18.300032,17.920473,26.151814,30.266083,27.799894,29.814617,13.593362,20.27413,22.221157,23.196035

17.629972,18.65892,26.258257,30.43329,27.947355,29.97035,11.927776,20.616425,22.62647,23.46377

18.68205,18.671265,27.052092,30.901535,28.165941,29.989561,16.976227,20.953102,22.47492,23.589066

17.885515,19.126665,26.814726,30.569944,28.257524,30.225357,14.156311,21.10839,22.369816,23.808199

17.938326,18.989086,27.402674,31.358345,28.039944,30.007412,16.59761,21.028744,22.578861,23.774422

18.932306,19.410889,26.831308,31.055147,27.740131,29.728783,13.785053,21.406157,22.798433,23.90002

17.214983,19.063803,25.68339,30.367672,27.102085,29.3256,13.496376,21.652472,23.384699,23.83832

16.326498,18.642117,26.006475,30.351425,26.900013,29.11624,14.182706,21.511568,22.59467,23.654474

18.113682,17.788605,25.442871,29.995527,26.789104,29.33716,15.25157,21.353064,22.950874,23.655155

18.080372,18.12336,25.435879,29.84734,26.936811,29.141836,14.721092,21.146717,22.73529,23.555529

17.183023,17.884212,26.267736,30.2973,27.377247,29.48421,17.6342,20.806059,22.336811,23.475592

18.703444,17.856953,27.04668,30.942455,27.812645,29.787289,15.8648615,20.805048,22.467535,23.46268

18.868696,18.105465,27.527744,31.344656,28.044783,30.503569,17.424974,22.204718,22.409637,23.745403

18.617859,18.397978,27.532515,31.54641,28.551807,31.702255,16.878416,22.289148,22.644747,23.909044

19.004982,18.471436,28.34631,31.499992,29.172934,32.582836,12.408009,22.027462,22.114084,23.838198

18.910788,19.426323,28.585659,31.5527,29.613726,33.290894,14.803173,21.894354,22.836699,24.214794

19.31301,20.142553,29.009703,32.259827,29.642563,32.63271,14.084191,21.956602,24.031301,24.574549

17.953136,20.783047,28.891016,32.410065,29.522362,32.470524,15.559506,22.62922,24.765846,24.958143

16.41515,20.820993,28.964806,32.766636,29.95492,32.519585,13.567087,22.841125,25.298784,25.081846

17.145397,20.85384,29.666971,32.9513,30.152395,33.227085,12.903759,23.131826,24.645645,25.25772

17.426788,21.21341,29.964693,33.103195,29.910236,33.028576,17.085062,22.983713,24.411776,25.533028

16.350674,21.840162,29.44261,33.05058,29.819172,32.83544,12.856954,23.094702,24.357439,25.63299

19.441925,21.799772,29.55499,33.12386,29.77547,33.0577,15.934738,22.792753,24.462856,25.687738

17.610178,21.871119,29.790678,33.167435,29.848297,33.229374,16.025034,22.908302,24.620703,25.80015

18.070732,21.883282,29.666452,33.091846,30.211954,33.576813,13.422201,22.770462,24.932016,25.884806

19.296917,21.826984,29.687284,33.320026,30.483149,33.601734,14.170837,22.988794,24.731258,25.954475

20.982084,22.111273,29.678175,33.471725,30.407288,33.62496,16.472786,23.151262,24.933691,26.160809

19.041098,22.25773,29.332256,33.422977,30.362947,33.604195,18.00179,23.41615,25.078354,26.234634

19.369946,22.166365,29.213362,33.300358,30.186499,33.541794,16.545507,23.368195,24.90049,26.197104

17.795792,22.013601,29.170109,33.153328,29.995462,33.728954,15.07339,23.571222,25.042604,26.23272

18.758821,21.863205,29.876257,33.099514,30.53032,33.731594,16.340168,23.425417,25.046398,26.157782

18.95089,22.198797,29.594227,33.076923,30.787846,34.173687,16.690117,23.662468,24.700237,26.307398

21.751163,22.70933,29.926987,33.573307,31.086582,34.585434,16.502064,23.512318,25.160353,26.388529

18.940863,22.600986,30.058424,33.697914,30.883034,34.969906,16.758978,23.892094,24.976913,26.476986

19.700415,22.22837,30.127672,33.77586,31.174105,34.98792,15.474233,23.527378,24.98141,26.481422

19.396618,22.614326,30.15989,33.81755,31.169872,34.90299,17.691381,23.861668,25.293762,26.60037

17.936789,22.607248,30.105497,33.990883,31.174555,34.924553,20.306665,23.94238,25.347086,26.609804

17.50758,22.784786,30.431734,34.41097,31.555141,35.30787,16.969254,23.714252,25.0075,26.553082

19.235432,23.236204,30.846487,34.81691,31.72539,35.54695,14.933595,23.772768,25.302343,26.73622

19.552261,23.186949,30.63186,34.723026,31.892063,35.633865,13.423689,23.996025,25.377546,26.803917

20.348694,23.199423,30.634832,34.925877,32.07391,35.97714,14.356862,23.923048,25.582956,26.725006

20.572475,23.329218,31.160927,34.997833,32.42031,36.42095,16.300804,23.7803,26.369892,26.706062

19.78961,23.916054,31.206024,35.096535,32.222607,36.598896,16.934322,24.794847,26.356085,26.874529

18.192621,24.023102,30.734028,34.977856,32.109615,36.649708,15.885289,24.427315,26.727406,26.942951

18.862917,22.889757,30.005245,34.571964,32.22422,36.57994,14.524628,24.327497,26.335814,26.63043

18.584547,22.511864,30.64265,34.948414,32.374012,36.48988,13.003868,23.393913,25.951977,26.566458

19.64568,22.62725,30.970951,35.2191,32.48912,36.765213,13.940654,24.09439,26.041075,26.710524

18.570488,22.496824,30.835459,35.436314,32.477345,36.74425,18.272293,23.756739,26.806898,26.924255

20.328306,23.367071,30.988308,35.259132,32.37295,36.784687,17.994452,23.781586,26.482313,26.982376

19.65745,23.241163,31.409086,35.62827,32.350365,36.677746,14.920104,23.46544,26.703552,27.020555

18.854067,23.518568,31.219559,35.68694,32.116512,36.8037,16.51319,24.063004,26.448473,27.02147

17.027945,23.464537,30.667038,35.477623,31.7398,36.800247,15.427889,24.197565,26.671135,26.98567

19.479858,23.048107,30.623306,35.397163,31.611994,36.848217,14.578011,23.892776,26.830973,26.828941

16.902954,23.193895,30.32578,35.201538,31.484928,36.90541,14.76806,23.802185,26.67096,26.794237

18.370909,22.769176,29.985233,35.10481,31.814186,36.95908,14.175802,23.332962,26.59571,26.662195

19.060293,22.682291,30.971064,35.91621,32.54456,37.14679,12.630392,23.385607,26.680183,26.61272

19.120218,22.591425,31.826738,36.530113,33.1044,37.355785,14.987032,23.2085,26.919336,26.595331

19.926233,23.160254,31.57228,36.36654,33.372093,37.57395,14.828558,23.907017,27.074245,26.813892

18.729431,23.721964,31.221617,36.249058,33.206398,37.60234,15.8257265,24.01478,26.911026,26.958727

19.656567,23.104773,31.484522,36.634598,33.056545,37.38171,13.772572,24.275824,26.988499,26.81029

21.100683,23.495562,31.15394,36.29936,32.64215,37.25175,14.456759,23.934546,27.078693,26.85666

12.792171,23.060278,31.537104,36.67557,32.46684,36.99494,13.140197,23.82063,27.112839,26.822165

18.864258,23.596422,30.867249,36.364216,32.47199,37.032707,13.951583,24.137173,27.148415,26.901659

16.28449,23.1932,30.93719,36.39924,32.47187,37.007965,15.949578,23.531504,27.294983,26.751492

16.525915,22.804304,30.683558,36.152187,32.348663,36.79608,14.053331,23.477772,26.664196,26.672781

19.242304,22.836187,30.39173,35.973476,32.038593,36.600784,17.230074,23.598106,26.896158,26.593685

16.897726,22.521532,30.075352,36.05632,31.763414,36.400383,16.119253,24.03077,26.479765,26.543325

19.297562,22.0875,29.689474,35.87517,31.656097,36.098953,14.841375,23.627003,26.565598,26.362732

19.802242,21.946058,29.923157,35.66106,31.560453,35.983116,16.921124,23.539822,26.281387,26.135702

16.899979,21.638615,28.983208,34.926014,30.920414,36.0913,14.109739,23.769663,25.318192,26.085129

19.155313,21.715105,28.967344,35.134495,30.91427,35.826733,17.528572,23.419134,25.208202,26.018986

20.455082,21.37582,29.502548,35.552483,31.745644,35.877518,16.443142,23.116869,25.120758,25.847012

20.743681,21.519127,29.149517,35.793457,31.766222,36.17705,17.443607,23.451767,25.347622,26.07975

